id,finding_id,theme,type,statement,quote,level,countries,actors,tags,stream,source_id,date_collected,confidence,visibility,status,notes
E0013,F001,ABC,barrier,"Where area-based structures report upward through a separate operational cell rather than to the cluster, the same needs information travels up and back down again, looping between two parallel structures.","It started down there, going up, then I have to take it back again, take it down there. So we are in some form of a loop.",national,SOM,cluster;un-agency;ingo;operational-cell,coordination-architecture;information-management,transcript,S011,2026-08-03,high,public,draft,
E0014,F010,ABC,barrier,Cluster coordinators are not permitted to engage directly with area-based structures and must route all contact through an intermediary operational cell.,"You cannot engage with ABC as clusters. If you need to engage with ABC as cluster, you have to go through us as the operational cell.",national,SOM,cluster;un-agency;ingo;operational-cell,coordination-architecture;partnerships,transcript,S011,2026-08-03,high,public,draft,
E0015,F010,ABC,barrier,"Subnational cluster coordinators may attend area-based coordination meetings only if invited, leaving the cluster with no standing presence at district level.",,subnational,SOM,cluster;operational-cell,coordination-architecture,transcript,S011,2026-08-03,high,public,draft,
E0016,F011,ABC,practice,"Area-based structures were established in roughly fifteen of twenty-one prioritised districts, leaving part of the prioritised caseload outside the new architecture.",,subnational,SOM,cluster;ingo;operational-cell,coordination-architecture;geographic-targeting,transcript,S011,2026-08-03,high,public,draft,
E0017,F225,Fundamentals,barrier,"Area-based coordination facilitators double-hat and are incentivised by their host organisations, so the structure runs on borrowed capacity rather than dedicated posts.",,subnational,SOM,ingo;local-ngo,capacity;coordination-architecture;sustainability,transcript,S011,2026-08-03,high,public,draft,
E0018,F013,ABC,context,Area-based coordination was introduced to counterbalance a coordination architecture perceived as UN-centred and out of touch with international and national NGOs and with communities at district level.,,national,SOM,cluster;ingo;local-ngo;community,coordination-architecture;localisation;aap,transcript,S011,2026-08-03,medium,public,draft,
E0019,F014,ABC,practice,"For the 2027 planning cycle strategic objectives, severity and PIN analysis and budgeting were retained nationally, while needs contextualisation, response design and prioritisation moved to area-based forums.",,national,SOM,cluster;ocha,hpc;coordination-architecture;geographic-targeting,transcript,S011,2026-08-03,high,public,draft,
E0020,F015,ABC,barrier,"Pooled fund prioritisation moved to area-based structures, with the cluster's contribution concentrated at technical review of proposals.",,national,SOM,cluster;ocha,funding;hpc;coordination-architecture;pooled-funds,transcript,S011,2026-08-03,high,public,draft,
E0021,F016,ABC,barrier,"Clusters were asked to select priority districts from a pre-approved list, which left little room to propose alternatives based on access or observed need.","So what you are asking us is just to rubber stamp what you have already agreed. Is it just to rubber stamp, or are we here to give our constructive input?",national,SOM,cluster;ocha,funding;hpc;performance;pooled-funds,transcript,S011,2026-08-03,high,public,draft,
E0022,F017,ABC,barrier,"The cluster first saw the pooled fund allocation strategy when a partner forwarded it, rather than receiving it through the coordination channels.",,national,SOM,cluster;ocha,funding;information-management;coordination-architecture;pooled-funds,transcript,S011,2026-08-03,high,public,draft,
E0023,F017,ABC,barrier,"Subnational cluster coordinators were approached directly for allocation input without the national coordinator included, which made it harder for the cluster to present a single position.",,national,SOM,cluster;ocha,funding;coordination-architecture;pooled-funds,transcript,S011,2026-08-03,high,public,draft,
E0024,F018,ABC,context,"Withdrawal of a major bilateral donor triggered a reprioritisation cutting prioritised districts from sixty-five to twenty-one, which then set the geographic scope of area-based coordination.",,national,SOM,donor;cluster,funding;geographic-targeting,transcript,S011,2026-08-03,high,public,draft,
E0025,F019,Fundamentals,barrier,"Subnational coordination posts funded through lead agency partnership agreements are not being renewed, putting dedicated subnational capacity at risk just as the architecture is being redesigned.",,national,SOM,cluster;un-agency;donor,funding;capacity;coordination-architecture;staff-turnover,transcript,S011,2026-08-03,high,public,draft,
E0026,F020,Transition,context,"The cluster lead agency signalled an eventual handover of coordination to the line ministry without setting a timeline, prompting early informal engagement rather than a planned process.","He was not so sure of the timeline, but it is in the horizon.",national,SOM,un-agency;gov-national;cluster,transition-handover;government-engagement,transcript,S011,2026-08-03,high,public,draft,
E0027,F021,Transition,enabler,Joint agenda setting with the line ministry and inviting ministry representatives to chair national coordination meetings moved government participation beyond opening and closing formalities.,,national,SOM,gov-national;cluster,government-engagement;transition-handover;capacity,transcript,S011,2026-08-03,high,public,draft,
E0028,F022,Transition,practice,The cluster began channelling humanitarian WASH information into the line ministry's development coordination platform to build a nexus link ahead of transition.,,national,SOM,gov-national;cluster;development,nexus;government-engagement;transition-handover,transcript,S011,2026-08-03,high,public,draft,
E0029,F023,Transition,enabler,Ministry counterparts were initially hesitant about taking on coordination responsibility because they expected an imminent transfer; framing transition as a phased process rather than a handover date reduced that hesitancy.,"Initially they felt, are you going to tell us to do it next month? I said no, it is a process.",national,SOM,gov-national;cluster,government-engagement;transition-handover,transcript,S011,2026-08-03,high,public,draft,
E0030,F024,Transition,context,"State-level ministry engagement varies widely within one country, with some convening and documenting coordination meetings and others not, so transition readiness is uneven below national level.",,subnational,SOM,gov-local;cluster,government-engagement;transition-handover,transcript,S011,2026-08-03,high,public,draft,
E0031,F387,Transition,enabler,"A ministry focal point who had previously attended cluster coordination training understood cluster functions well, which made early transition discussions substantially easier.",,national,SOM,gov-national;cluster,capacity;government-engagement;transition-handover,transcript,S011,2026-08-03,medium,public,draft,
E0032,F026,ABC;Transition,recommendation,"Government counterparts asked to learn directly from countries where coordination has already transitioned to government, rather than receiving guidance material alone.","They were asking if they can have some lessons learned, to visit other contexts where the transition has happened.",national,SOM,gov-national;cluster,transition-handover;government-engagement;capacity;peer-learning,transcript,S011,2026-08-03,high,public,draft,
E0033,F027,Fundamentals,barrier,"An incoming cluster coordinator received no handover report and had to reconstruct institutional knowledge unaided from shared drives, losing time to work already done.",,national,SOM,cluster;un-agency,capacity;information-management;staff-turnover,transcript,S011,2026-08-03,high,public,draft,
E0034,F028,Fundamentals,barrier,"Information management recruitment was cancelled and the post downgraded to a volunteer position on cost grounds, leaving the cluster without dedicated information management capacity.",,national,SOM,cluster;un-agency,capacity;information-management;funding,transcript,S011,2026-08-03,high,public,draft,
E0035,F028,Fundamentals,barrier,"Public cluster dashboards and contact details went unupdated for months while partner reporting continued to arrive, indicating the constraint is analytical capacity rather than data availability.",It is not that there is no information. This data is available. Partners do send us every month.,national,SOM,cluster,information-management;capacity;performance,transcript,S011,2026-08-03,high,public,draft,
E0036,F030,ABC,practice,"Partners continued to report response data through the cluster 4W only, with area-based structures collecting assessment and prioritisation information but not response reporting, so the parallel structures did not create double reporting.",,national,SOM,cluster;ingo,information-management;coordination-architecture,transcript,S011,2026-08-03,high,public,draft,
E0037,F031,ABC;Transition,practice,"After eight years with the same co-coordinating agency the cluster opened a competitive expression of interest to rotate the role, while considering retaining the outgoing agency in a roving support function.",,national,SOM,cluster;ingo,partnerships;coordination-architecture;capacity;staff-turnover,transcript,S011,2026-08-03,medium,public,draft,
E0038,F032,ABC,context,"Resistance to area-based coordination reflects how it was introduced rather than the concept itself, since community consultation and needs prioritisation were already standard practice among partners.","The idea behind ABC, for me it is a good one, having that link with the community. That is what has always been there. It is not a new concept. Maybe the way it is being brought about is the problem.",national,SOM,cluster;ingo;community,coordination-architecture;aap;localisation,transcript,S011,2026-08-03,high,public,draft,
E0039,F026,ABC;Transition,recommendation,"Cluster coordinators asked for structured exchange with counterparts in other countries running area-based structures, to understand how the cluster-ABC relationship works elsewhere before redesigning their own.",I really want to understand how the ABC is engaging with the cluster in those other contexts or in other countries.,national,SOM,cluster,peer-learning;coordination-architecture,transcript,S011,2026-08-03,high,public,draft,
E0040,F229,ABC,barrier,"Subnational clusters were redefined as technical advisers to area structures and barred from holding routine standing meetings, restricting them to ad hoc topic-specific gatherings.",They cannot have routine standing meetings with a full group of people. They can only have ad hoc targeted meetings.,subnational,MMR,cluster;ocha,coordination-architecture;capacity,transcript,S012,2026-07-28,high,public,draft,
E0041,F034,ABC,context,"A zonal coordination layer chaired by the humanitarian coordination office replaced the subnational intersectoral tier, with clusters positioned as technical advisers to it.",,subnational,MMR,ocha;cluster,coordination-architecture,transcript,S012,2026-07-28,high,public,draft,
E0042,F035,ABC,enabler,"All eleven area-based structures are chaired by local actors, placing national organisations formally at the head of district-level coordination.",,subnational,MMR,local-ngo;operational-cell,localisation;coordination-architecture,transcript,S012,2026-07-28,high,public,draft,
E0043,F036,ABC,barrier,"Paid area coordinator posts were created alongside the elected chairs and co-chairs, with job descriptions drafted centrally, which leaves the role of the elected leadership unclear.",The chair and co-chair will become quite meaningless in terms of roles and responsibilities. It is a bit of cosmetic stuff.,subnational,MMR,ocha;local-ngo;operational-cell,coordination-architecture;localisation,transcript,S012,2026-07-28,high,public,draft,
E0044,F037,ABC,barrier,"Every area coordinator post across all eleven structures was awarded to one national NGO that is the nationalised affiliate of an international confederation, which raises a question about how localisation is defined in practice.",,subnational,MMR,local-ngo;ingo;ocha,localisation;partnerships;pooled-funds,transcript,S012,2026-07-28,high,public,draft,
E0045,F038,ABC,barrier,"The area coordinator arrangement was not set out in published guidance, and the cluster learned of it informally before seeking confirmation.",,national,MMR,cluster;ocha,guidance;coordination-architecture,transcript,S012,2026-07-28,high,public,draft,
E0046,F229,ABC,barrier,"With operational gap analysis moved off subnational platforms, no forum currently holds it during sudden emergencies, when partners need to know who is working where rather than which technical standard applies.","When there is a massive displacement you go for an emergency, you do not care about the design of the latrine.",subnational,MMR,cluster,coordination-architecture;capacity,transcript,S012,2026-07-28,high,public,draft,
E0047,F040,ABC,barrier,"Information flow between area structures, subnational clusters and the intersectoral group is not yet defined, so the same information is requested in both directions and roles remain unsettled.","Even the ICCG is asking us to give information about ABC or partner presence. We are like, it is not your job now. So it is very confusing.",national,MMR,cluster;ocha;operational-cell,information-management;coordination-architecture,transcript,S012,2026-07-28,high,public,draft,
E0048,F040,ABC,barrier,"Escalation pathways between area, subnational and national levels are not described in the terms of reference of the new structures.",,national,MMR,cluster;ocha,coordination-architecture;guidance,transcript,S012,2026-07-28,high,public,draft,
E0049,F041,ABC,barrier,"Ambiguity about the new structure caused a double-hatting subnational focal point to stop convening partners altogether, including during an emergency, until the cluster clarified that he still could.",,subnational,MMR,cluster;un-agency,coordination-architecture;capacity,transcript,S012,2026-07-28,high,public,draft,
E0050,F042,ABC,context,"Partners in one area formally demanded that the previous subnational cluster arrangement be retained, and it was kept in place pending a decision.",,subnational,MMR,ingo;local-ngo;cluster,coordination-architecture;partnerships,transcript,S012,2026-07-28,high,public,draft,
E0051,F043,ABC,barrier,"Final versions of the national area-coordination guidance were not held by the cluster lead agency, and the cluster had to assemble a comparison against global guidance itself to establish what applied.",Nobody knew what their name was anymore.,national,MMR,cluster;ocha;un-agency,guidance;coordination-architecture,transcript,S012,2026-07-28,high,public,draft,
E0052,F044,ABC,enabler,"A simple partner presence and gap analysis tool built by the cluster for area structures was well received, indicating demand for cluster technical support rather than rejection of the cluster role.",,subnational,MMR,cluster;operational-cell,information-management;coordination-architecture,transcript,S012,2026-07-28,high,public,draft,
E0053,F045,ABC,context,"The area-based architecture is presented as a permanent replacement rather than a transitional arrangement, which changes what is at stake in getting the design right.","It is not transitional. I thought it was transitional. It is not transitional, it is permanent.",national,MMR,ocha;cluster,coordination-architecture,transcript,S012,2026-08-04,high,public,draft,
E0054,F046,ABC,enabler,"Area structures take part in two rounds of consultation on severity scoring and may override the calculated score with local expert judgement, giving them real influence over the analysis.",,national,MMR,operational-cell;cluster;ocha,hpc;aap;coordination-architecture,transcript,S012,2026-08-04,high,public,draft,
E0055,F047,ABC,barrier,"Severity scores are computed centrally across clusters and returned to area level only for validation, with the cluster not involved in designing the indicators that feed them.",,national,MMR,ocha;cluster,hpc;information-management,transcript,S012,2026-08-04,medium,public,draft,
E0056,F048,ABC,barrier,"WASH was not prioritised in a pooled fund localisation allocation, obliging the cluster to lobby partners to embed WASH activities inside other sectors proposals.",,national,MMR,cluster;ocha;local-ngo,pooled-funds;funding;multisector,transcript,S012,2026-08-04,high,public,draft,
E0057,F049,ABC,enabler,"Local NGOs were added to a proposal review committee that had been composed only of international organisations, at the cluster's insistence.",,national,MMR,cluster;local-ngo;ingo,localisation;pooled-funds;partnerships,transcript,S012,2026-08-04,high,public,draft,
E0058,F225,Fundamentals,context,"Subnational coordination capacity was retained through double-hatting arrangements in all but two areas, so the structure survived without dedicated posts.",,subnational,MMR,cluster;un-agency,capacity;coordination-architecture,transcript,S012,2026-08-04,high,public,draft,
E0059,F051,ABC,barrier,"The response plan scope excludes the recurrent hazard the cluster is actually responding to, on the grounds that it is seasonal and long-standing, leaving live operations outside the planning framework.","We do not have flood in the HPC, but the only thing I am responding to since I am here is floods.",national,MMR,cluster;ocha,hpc;geographic-targeting,transcript,S012,2026-08-04,high,public,draft,
E0060,F052,ABC,barrier,"National and global guidance were interpreted differently on whether sectors may choose their own severity methodology, leaving the cluster unable to confirm what was permitted.",,national,MMR,cluster;ocha,guidance;hpc,transcript,S012,2026-08-04,high,public,draft,
E0061,F053,ABC;Transition,barrier,"The teams producing vulnerability and exposure analysis do not work on response planning, so their products are not designed for the planning process they are being asked to feed.",,global,,un-agency;cluster,information-management;hpc,transcript,S012,2026-08-04,medium,public,draft,
E0062,F054,ABC;Transition,barrier,"Almost no partner assessments were shared with the cluster despite repeated requests, leaving very little material for a secondary data review.",,national,MMR,cluster;ingo;local-ngo,information-management;partnerships,transcript,S012,2026-08-04,high,public,draft,
E0063,F055,ABC;Transition,barrier,"Partner assessments cannot be processed with AI tools without anonymisation first, because of data confidentiality obligations the cluster is unwilling to breach.",We cannot run them on the AI because of data confidentiality unless we anonymise them.,national,MMR,cluster,data-protection;information-management,transcript,S012,2026-08-04,high,public,draft,
E0064,F056,ABC;Transition,practice,"An information sharing protocol required clusters to classify their products by sensitivity, and the exercise found sensitive material openly accessible on a shared drive.",,national,MMR,cluster;ocha,data-protection;information-management,transcript,S012,2026-07-28,high,public,draft,
E0065,F057,ABC;Transition,barrier,Sensitivity classification is harder for WASH than for other sectors because infrastructure locations and chemical stocks carry dual-use risk in a conflict setting.,"People are telling me that for WASH it is more difficult than for education, because that is just books.",national,MMR,cluster,data-protection;information-management,transcript,S012,2026-07-28,high,public,draft,
E0066,F058,ABC;Transition,barrier,"Sub-national level data on violations is published openly on an external platform outside any cluster control, and cross-border information about the country cannot be governed by the in-country protocol at all.",,national,MMR,cluster;ocha,data-protection;information-management,transcript,S012,2026-07-28,medium,public,draft,
E0067,F802,Fundamentals,barrier,"A partner capacity building programme committed the cluster to fund, facilitate and deliver every requested training, scheduled across the planning peak, until the coordinator intervened to postpone it.",,national,MMR,cluster;ingo;local-ngo,capacity;hpc,transcript,S012,2026-07-28,medium,public,draft,
E0068,F060,ABC;Transition,barrier,"The strategic advisory group had not met for eighteen months, leaving decisions to coordinators alone, and an earlier attempt to recruit a co-coordinator from local actors was abandoned.",,national,MMR,cluster;un-agency,coordination-architecture;partnerships;localisation,transcript,S012,2026-07-28,high,internal,draft,Speaker explicitly asked not to be quoted on this point. Substance retained for internal analysis only; excluded from the published build.
E0069,F031,ABC;Transition,practice,"The cluster moved to reactivate its strategic advisory group and open a co-coordinator process, timing it to the roll-out of area-based structures so that new actors could take up roles.",,national,MMR,cluster;local-ngo,partnerships;coordination-architecture;localisation,transcript,S012,2026-07-28,high,public,draft,
E0070,F026,ABC;Transition,recommendation,Coordinators want structured comparison with other countries on subnational terms of reference and escalation pathways; an informal request on a coordinator messaging group went unanswered.,,national,MMR,cluster,peer-learning;coordination-architecture,transcript,S012,2026-07-28,high,public,draft,
E0071,F100,ABC,recommendation,"Set roles and accountability at core function level — Map the 6+1 cluster core functions one by one — which must remain with the cluster, which can be shared with ABC, and which can be delegated — and record who is accountable for each",,global,,cluster;operational-cell,coordination-architecture;guidance,sdr,S045,2026-07-17,medium,public,draft,"Imported from gwc-sdr-explorer v1 recommendations (ABC, global level)."
E0072,F101,ABC,recommendation,"Reinforce the WASH analytical framework as a strategic resource — WIA, severity analysis, and AQA are not only technical tools — they are the evidence base that grounds cluster leadership, supports collective decision-making, and makes the case for WASH prioritization in HCT and inter-cluster…",,global,,cluster,information-management;hpc,sdr,S045,2026-07-17,medium,public,draft,"Imported from gwc-sdr-explorer v1 recommendations (ABC, global level)."
E0073,F102,ABC,recommendation,"Propose a minimum terms of reference and performance framework for area structures — A standard requiring a designated WASH focal point with defined technical escalation rights, and a performance framework equivalent to cluster coordination performance monitoring, would give both sides a shared reference.",,global,,cluster;ocha,coordination-architecture;performance;advocacy,sdr,S045,2026-07-17,medium,public,draft,"Imported from gwc-sdr-explorer v1 recommendations (ABC, global level)."
E0074,F102,ABC,recommendation,"Propose a minimum terms of reference and performance framework for area structures — A standard requiring a designated WASH focal point with defined technical escalation rights, and a performance framework equivalent to cluster coordination performance monitoring, would give both sides a shared reference.",,global,,cluster;ocha,coordination-architecture;performance;advocacy,sdr,S041,2026-07-17,medium,public,draft,"Imported from gwc-sdr-explorer v1 recommendations (ABC, global level)."
E0075,F103,ABC,recommendation,"Support the annual review of coordination structure needs — Raise this jointly with other cluster coordinators in the ICCG, so decisions on activating, scaling or deactivating area structures rest on operational assessment rather than inertia.",,global,,ocha;cluster,coordination-architecture;performance;advocacy,sdr,S045,2026-07-17,medium,public,draft,"Imported from gwc-sdr-explorer v1 recommendations (ABC, global level)."
E0076,F104,ABC,recommendation,Position the cluster as the analytical framework owner — The cluster provides the framework;,,national,,cluster,information-management;coordination-architecture,sdr,S045,2026-07-17,medium,public,draft,"Imported from gwc-sdr-explorer v1 recommendations (ABC, country level)."
E0077,F105,ABC,recommendation,"Clarify roles, mandates, and escalation pathways at country level — Advocate within the HCT and ICCG for a structured mapping of who does what at each coordination level, with clear escalation pathways for technical and strategic issues",,national,,cluster;ocha,coordination-architecture;guidance,sdr,S045,2026-07-17,medium,public,draft,"Imported from gwc-sdr-explorer v1 recommendations (ABC, country level)."
E0078,F106,ABC,recommendation,Engage UNICEF as Cluster Lead Agency from the first HCT meeting on ABC — UNICEF’s formal HCT responsibilities include shaping how ABC is configured and resourced,,national,,un-agency;cluster,coordination-architecture;advocacy,sdr,S045,2026-07-17,medium,public,draft,"Imported from gwc-sdr-explorer v1 recommendations (ABC, country level)."
E0079,F107,ABC,recommendation,Maintain direct engagement with line ministries — Sustaining a direct relationship with government counterparts — independent of ABC structures — is necessary to protect the cluster’s standing in higher-level coordination discussions and to reaffirm the technical leadership of the WASH Cluster,,national,,gov-national;cluster,government-engagement;partnerships,sdr,S045,2026-07-17,medium,public,draft,"Imported from gwc-sdr-explorer v1 recommendations (ABC, country level)."
E0080,F108,Transition,recommendation,"Work with OCHA on transparent deactivation criteria — Coordination structures are formally reviewed each year; making that review systematic, and publishing the criteria behind deactivation decisions, would give countries a predictable basis for planning.",,global,,ocha;cluster,transition-handover;performance;advocacy,sdr,S083,2026-07-17,medium,public,draft,"Imported from gwc-sdr-explorer v1 recommendations (Transition, global level)."
E0081,F109,Fundamentals,recommendation,"Defend coordination capacity within the Cluster Lead Agency — Coordinator and IM posts are consistently the first cut in budget reductions, and deactivation has been used as a budget instrument",,global,,un-agency;cluster,capacity;funding;transition-handover,sdr,S083,2026-07-17,medium,public,draft,"Imported from gwc-sdr-explorer v1 recommendations (Transition, global level)."
E0082,F119,Transition,recommendation,Build the global preparedness and re-activation architecture — Embed coordination checkpoints in EPP guidance and the digital EPP platform;,,global,,cluster;ocha,transition-handover;capacity,sdr,S083,2026-07-17,medium,public,draft,"Imported from gwc-sdr-explorer v1 recommendations (Transition, global level)."
E0083,F119,Transition,recommendation,Build the global preparedness and re-activation architecture — Embed coordination checkpoints in EPP guidance and the digital EPP platform;,,global,,cluster;ocha,transition-handover;capacity,sdr,S084,2026-07-17,medium,public,draft,"Imported from gwc-sdr-explorer v1 recommendations (Transition, global level)."
E0084,F111,Transition,recommendation,Issue guidance on deactivation thresholds and successor scoping — Coordinators asked for practical guidance on when government-led coordination is realistic — including partner-count and complexity thresholds (a government can coordinate six partners;,,global,,ocha;cluster,transition-handover;guidance,sdr,S083,2026-07-17,medium,public,draft,"Imported from gwc-sdr-explorer v1 recommendations (Transition, global level)."
E0085,F111,Transition,recommendation,Issue guidance on deactivation thresholds and successor scoping — Coordinators asked for practical guidance on when government-led coordination is realistic — including partner-count and complexity thresholds (a government can coordinate six partners;,,global,,ocha;cluster,transition-handover;guidance,sdr,S084,2026-07-17,medium,public,draft,"Imported from gwc-sdr-explorer v1 recommendations (Transition, global level)."
E0086,F111,Transition,recommendation,Issue guidance on deactivation thresholds and successor scoping — Coordinators asked for practical guidance on when government-led coordination is realistic — including partner-count and complexity thresholds (a government can coordinate six partners;,,global,,ocha;cluster,transition-handover;guidance,sdr,S085,2026-07-17,medium,public,draft,"Imported from gwc-sdr-explorer v1 recommendations (Transition, global level)."
E0087,F112,Transition,recommendation,"Lead the transition conversation — do not wait for it — Develop a costed transition plan with agreed readiness indicators and benchmarks early, through a transition working group with key actors",,national,,cluster,transition-handover;hpc,sdr,S084,2026-07-17,medium,public,draft,"Imported from gwc-sdr-explorer v1 recommendations (Transition, country level)."
E0088,F113,Transition,recommendation,"Run the stakeholder and willingness analysis before drafting the strategy — Map who could receive coordination functions — ministries as they actually divide WASH, civil protection, development platforms, national institutions with durable funding — and assess capacity, financing, neutrality,…",,national,,cluster;gov-national,transition-handover;government-engagement,sdr,S084,2026-07-17,medium,public,draft,"Imported from gwc-sdr-explorer v1 recommendations (Transition, country level)."
E0089,F113,Transition,recommendation,"Run the stakeholder and willingness analysis before drafting the strategy — Map who could receive coordination functions — ministries as they actually divide WASH, civil protection, development platforms, national institutions with durable funding — and assess capacity, financing, neutrality,…",,national,,cluster;gov-national,transition-handover;government-engagement,sdr,S085,2026-07-17,medium,public,draft,"Imported from gwc-sdr-explorer v1 recommendations (Transition, country level)."
E0090,F114,Transition,recommendation,"Map development actors as transition counterparts — Identify actors in the broader WASH sector — development programmes, national utilities, development banks and international financial institutions — with the technical skillset, funding horizon and field presence to absorb part of what the…",,national,,development;cluster,nexus;transition-handover;partnerships,sdr,S083,2026-07-17,medium,public,draft,"Imported from gwc-sdr-explorer v1 recommendations (Transition, country level)."
E0091,F114,Transition,recommendation,"Map development actors as transition counterparts — Identify actors in the broader WASH sector — development programmes, national utilities, development banks and international financial institutions — with the technical skillset, funding horizon and field presence to absorb part of what the…",,national,,development;cluster,nexus;transition-handover;partnerships,sdr,S084,2026-07-17,medium,public,draft,"Imported from gwc-sdr-explorer v1 recommendations (Transition, country level)."
E0092,F114,Transition,recommendation,"Map development actors as transition counterparts — Identify actors in the broader WASH sector — development programmes, national utilities, development banks and international financial institutions — with the technical skillset, funding horizon and field presence to absorb part of what the…",,national,,development;cluster,nexus;transition-handover;partnerships,sdr,S074,2026-07-17,medium,public,draft,"Imported from gwc-sdr-explorer v1 recommendations (Transition, country level)."
E0093,F114,Transition,recommendation,"Map development actors as transition counterparts — Identify actors in the broader WASH sector — development programmes, national utilities, development banks and international financial institutions — with the technical skillset, funding horizon and field presence to absorb part of what the…",,national,,development;cluster,nexus;transition-handover;partnerships,sdr,S085,2026-07-17,medium,public,draft,"Imported from gwc-sdr-explorer v1 recommendations (Transition, country level)."
E0094,F114,Transition,recommendation,"Map development actors as transition counterparts — Identify actors in the broader WASH sector — development programmes, national utilities, development banks and international financial institutions — with the technical skillset, funding horizon and field presence to absorb part of what the…",,national,,development;cluster,nexus;transition-handover;partnerships,sdr,S080,2026-07-17,medium,public,draft,"Imported from gwc-sdr-explorer v1 recommendations (Transition, country level)."
E0095,F114,Transition,recommendation,"Map development actors as transition counterparts — Identify actors in the broader WASH sector — development programmes, national utilities, development banks and international financial institutions — with the technical skillset, funding horizon and field presence to absorb part of what the…",,national,,development;cluster,nexus;transition-handover;partnerships,sdr,S077,2026-07-17,medium,public,draft,"Imported from gwc-sdr-explorer v1 recommendations (Transition, country level)."
E0096,F114,Transition,recommendation,"Map development actors as transition counterparts — Identify actors in the broader WASH sector — development programmes, national utilities, development banks and international financial institutions — with the technical skillset, funding horizon and field presence to absorb part of what the…",,national,,development;cluster,nexus;transition-handover;partnerships,sdr,S063,2026-07-17,medium,public,draft,"Imported from gwc-sdr-explorer v1 recommendations (Transition, country level)."
E0097,F115,Transition,recommendation,"Secure a senior political directive — Ministry-by-ministry engagement fails without instruction from the top: work through the ICCG, OCHA and the HC/RC to obtain senior government direction for the transition, and engage the UNICEF Representative early on the CLA's continuing accountabilities (S33)",,national,,gov-national;ocha;cluster,government-engagement;advocacy;transition-handover,sdr,S084,2026-07-17,medium,public,draft,"Imported from gwc-sdr-explorer v1 recommendations (Transition, country level)."
E0098,F116,Transition,recommendation,"Categorize and align IM assets from response onset — Distinguish what aligns with government systems from the start (master facility lists, asset inventories), what transfers quickly (3W/4W in receiving-friendly formats), what requires long capacity building, and what should not transfer",,national,,cluster;gov-national,information-management;transition-handover,sdr,S083,2026-07-17,medium,public,draft,"Imported from gwc-sdr-explorer v1 recommendations (Transition, country level)."
E0099,F116,Transition,recommendation,"Categorize and align IM assets from response onset — Distinguish what aligns with government systems from the start (master facility lists, asset inventories), what transfers quickly (3W/4W in receiving-friendly formats), what requires long capacity building, and what should not transfer",,national,,cluster;gov-national,information-management;transition-handover,sdr,S084,2026-07-17,medium,public,draft,"Imported from gwc-sdr-explorer v1 recommendations (Transition, country level)."
E0100,F116,Transition,recommendation,"Categorize and align IM assets from response onset — Distinguish what aligns with government systems from the start (master facility lists, asset inventories), what transfers quickly (3W/4W in receiving-friendly formats), what requires long capacity building, and what should not transfer",,national,,cluster;gov-national,information-management;transition-handover,sdr,S085,2026-07-17,medium,public,draft,"Imported from gwc-sdr-explorer v1 recommendations (Transition, country level)."
E0101,F426,Transition,recommendation,Put dedicated transition capacity in place — Request a twelve-month transition advisor working with the chief of WASH and the coordinator;,,national,,cluster;un-agency,capacity;transition-handover;localisation,sdr,S083,2026-07-17,medium,public,draft,"Imported from gwc-sdr-explorer v1 recommendations (Transition, country level)."
E0102,F426,Transition,recommendation,Put dedicated transition capacity in place — Request a twelve-month transition advisor working with the chief of WASH and the coordinator;,,national,,cluster;un-agency,capacity;transition-handover;localisation,sdr,S084,2026-07-17,medium,public,draft,"Imported from gwc-sdr-explorer v1 recommendations (Transition, country level)."
E0103,F118,Transition,recommendation,"Protect WASH integrity in the successor governance — Where sub-sector mandates are split across ministries, negotiate explicit custody for hygiene and water quality, and promote one-WASH programme approaches — joint plans, budgets and pooled funds across water, sanitation and hygiene — as the…",,national,,gov-national;cluster,government-engagement;sustainability;transition-handover,sdr,S083,2026-07-17,medium,public,draft,"Imported from gwc-sdr-explorer v1 recommendations (Transition, country level)."
E0104,F118,Transition,recommendation,"Protect WASH integrity in the successor governance — Where sub-sector mandates are split across ministries, negotiate explicit custody for hygiene and water quality, and promote one-WASH programme approaches — joint plans, budgets and pooled funds across water, sanitation and hygiene — as the…",,national,,gov-national;cluster,government-engagement;sustainability;transition-handover,sdr,S084,2026-07-17,medium,public,draft,"Imported from gwc-sdr-explorer v1 recommendations (Transition, country level)."
E0105,F119,Transition,recommendation,"Plan re-activation before deactivation — Embed coordination in the country EPP, run annual preparedness refreshers with the successor structure, keep contact lists and surge awareness alive, and agree in writing who convenes — and who calls for help — when the next emergency hits (S32;",,national,,cluster;gov-national,transition-handover;capacity,sdr,S083,2026-07-17,medium,public,draft,"Imported from gwc-sdr-explorer v1 recommendations (Transition, country level)."
E0106,F119,Transition,recommendation,"Plan re-activation before deactivation — Embed coordination in the country EPP, run annual preparedness refreshers with the successor structure, keep contact lists and surge awareness alive, and agree in writing who convenes — and who calls for help — when the next emergency hits (S32;",,national,,cluster;gov-national,transition-handover;capacity,sdr,S084,2026-07-17,medium,public,draft,"Imported from gwc-sdr-explorer v1 recommendations (Transition, country level)."
E0107,F200,ABC,barrier,"Even where integrated area-based approaches are formally adopted, coordination stays constrained at implementation level because actors, sectors and delivery mechanisms are not aligned.",,global,,cluster;operational-cell,coordination-architecture,sdr,S015,2026-07-17,high,public,draft,Extracted from GWC_ABC_SDR_V17.
E0108,F201,ABC,barrier,The need to create dedicated structures such as a drought strategic working group and community resource centres shows that existing coordination systems could not support integrated multi-sectoral assistance.,,national,AFG,cluster;ocha,coordination-architecture;multisector,sdr,S013,2026-07-17,medium,public,draft,Extracted from GWC_ABC_SDR_V17.
E0109,F202,ABC,barrier,"Drought response revealed uneven sectoral delivery, with actors operating in the same areas without harmonised planning frameworks.",,subnational,SOM,cluster;ingo,coordination-architecture;multisector,sdr,S023,2026-07-17,medium,public,draft,Extracted from GWC_ABC_SDR_V17.
E0110,F203,ABC,barrier,Parallel coordination and implementation channels persist despite the formal presence of coordination structures.,,national,YEM,cluster;ocha,coordination-architecture,sdr,S025,2026-07-17,medium,public,draft,Extracted from GWC_ABC_SDR_V17.
E0111,F204,ABC,barrier,Transition processes exposed subnational coordination gaps where national-level frameworks did not translate into effective operational coordination on the ground.,,subnational,IDN,cluster;gov-national,coordination-architecture;transition-handover,sdr,S033,2026-07-17,medium,public,draft,Extracted from GWC_ABC_SDR_V17.
E0112,F001,ABC,barrier,"Poorly integrated area-based models create parallel coordination structures that duplicate cluster functions, increase reporting burdens and fragment operational planning.",,global,,cluster;operational-cell,coordination-architecture;information-management,sdr,S039,2026-07-17,high,public,draft,Extracted from GWC_ABC_SDR_V17.
E0113,F001,ABC,barrier,"Poorly integrated area-based models create parallel coordination structures that duplicate cluster functions, increase reporting burdens and fragment operational planning.",,global,,cluster;operational-cell,coordination-architecture;information-management,sdr,S040,2026-07-17,high,public,draft,Extracted from GWC_ABC_SDR_V17.
E0114,F206,ABC,barrier,"Area-based units were activated across the country with no standard mandate, and those structures then approached clusters to ask what they were supposed to do.",,subnational,MMR,ocha;operational-cell;cluster,coordination-architecture;guidance,sdr,S045,2026-07-17,medium,public,draft,Extracted from GWC_ABC_SDR_V17.
E0115,F001,ABC,barrier,"In one area three bodies coordinate the same displaced population in different ways — an area-based structure, camp coordination and the WASH cluster — with no shared coordination architecture.",,subnational,SDN,cluster;operational-cell;ocha,coordination-architecture,sdr,S045,2026-07-17,medium,public,draft,Extracted from GWC_ABC_SDR_V17.
E0116,F208,ABC,barrier,"Introducing area-based coordination added complexity in countries that already had a humanitarian country team, and where parallel processes emerged, accountability for the response became harder to maintain.",,global,,ocha;cluster,coordination-architecture;performance,sdr,S041,2026-07-17,high,public,draft,Extracted from GWC_ABC_SDR_V17.
E0117,F209,ABC,enabler,Area-based coordination remained functionally complementary to cluster coordination in those cases where roles and linkages between the two were formalised.,,global,,cluster;operational-cell,coordination-architecture;guidance,sdr,S041,2026-07-17,high,public,draft,Extracted from GWC_ABC_SDR_V17.
E0118,F210,ABC,context,"Because each humanitarian coordinator may configure coordination independently, a different version of area-based coordination is negotiated in every context; the resulting governance gaps are a design consequence, not an implementation failure.",,global,,ocha;cluster,coordination-architecture;guidance,sdr,S045,2026-07-17,medium,public,draft,Extracted from GWC_ABC_SDR_V17.
E0119,F211,ABC,barrier,The absence of shared data systems and harmonised assessment frameworks limits joint analysis and prioritisation across actors.,,global,,cluster,information-management,sdr,S014,2026-07-17,high,public,draft,Extracted from GWC_ABC_SDR_V17.
E0120,F212,ABC,barrier,"Fragmented data flows and parallel information systems prevent effective information sharing, producing duplication and inefficiency in response planning.",,national,PSE,cluster;ocha,information-management,sdr,S029,2026-07-17,medium,public,draft,Extracted from GWC_ABC_SDR_V17.
E0121,F028,Fundamentals,barrier,Insufficient information management capacity within coordination systems is a key constraint on overall coordination effectiveness.,,global,,cluster;ocha,information-management;capacity,sdr,S017,2026-07-17,high,public,draft,Extracted from GWC_ABC_SDR_V17.
E0122,F214,ABC,barrier,Unclear reporting lines and parallel information requirements between area-based structures and clusters duplicate reporting and increase the operational burden on partners.,,global,,cluster;ingo,information-management;coordination-architecture,sdr,S039,2026-07-17,high,public,draft,Extracted from GWC_ABC_SDR_V17.
E0123,F214,ABC,barrier,Unclear reporting lines and parallel information requirements between area-based structures and clusters duplicate reporting and increase the operational burden on partners.,,global,,cluster;ingo,information-management;coordination-architecture,sdr,S040,2026-07-17,high,public,draft,Extracted from GWC_ABC_SDR_V17.
E0124,F215,ABC,barrier,"Area-based structures develop divergent needs assessment approaches — different survey methodologies, indicator selection and analytical thresholds — which reduces data comparability and limits aggregated analysis.",,global,,operational-cell;cluster,information-management;hpc,sdr,S042,2026-07-17,medium,public,draft,Extracted from GWC_ABC_SDR_V17.
E0125,F215,ABC,barrier,"Area-based structures develop divergent needs assessment approaches — different survey methodologies, indicator selection and analytical thresholds — which reduces data comparability and limits aggregated analysis.",,global,,operational-cell;cluster,information-management;hpc,sdr,S043,2026-07-17,medium,public,draft,Extracted from GWC_ABC_SDR_V17.
E0126,F215,ABC,barrier,"Area-based structures develop divergent needs assessment approaches — different survey methodologies, indicator selection and analytical thresholds — which reduces data comparability and limits aggregated analysis.",,global,,operational-cell;cluster,information-management;hpc,sdr,S044,2026-07-17,medium,public,draft,Extracted from GWC_ABC_SDR_V17.
E0127,F216,ABC,barrier,"Common technical validation mechanisms are absent, including consistent application of severity thresholds and area-level assessment criteria.",,global,,cluster;operational-cell,information-management;hpc,sdr,S042,2026-07-17,medium,public,draft,Extracted from GWC_ABC_SDR_V17.
E0128,F216,ABC,barrier,"Common technical validation mechanisms are absent, including consistent application of severity thresholds and area-level assessment criteria.",,global,,cluster;operational-cell,information-management;hpc,sdr,S043,2026-07-17,medium,public,draft,Extracted from GWC_ABC_SDR_V17.
E0129,F216,ABC,barrier,"Common technical validation mechanisms are absent, including consistent application of severity thresholds and area-level assessment criteria.",,global,,cluster;operational-cell,information-management;hpc,sdr,S044,2026-07-17,medium,public,draft,Extracted from GWC_ABC_SDR_V17.
E0130,F217,ABC,barrier,"Parallel data architectures can emerge outside cluster frameworks and gain traction, which shifts the cluster's position as analytical reference point before any formal coordination change has taken place.",,national,SDN,gov-national;cluster,information-management;coordination-architecture,sdr,S045,2026-07-17,medium,public,draft,Extracted from GWC_ABC_SDR_V17.
E0131,F218,ABC,barrier,"If area-based structures collect field data and the cluster has no real-time access to it, the cluster loses its ability to analyse and to advocate — two functions area-based structures cannot replicate.",,global,,cluster;operational-cell,information-management;advocacy,sdr,S045,2026-07-17,high,public,draft,Extracted from GWC_ABC_SDR_V17.
E0132,F219,ABC,barrier,Inconsistencies between national strategies and subnational implementation frameworks limit coherence and inclusiveness.,,subnational,PSE,gov-national;cluster,coordination-architecture;guidance,sdr,S020,2026-07-17,high,public,draft,Extracted from GWC_ABC_SDR_V17.
E0133,F219,ABC,barrier,Inconsistencies between national strategies and subnational implementation frameworks limit coherence and inclusiveness.,,subnational,PSE,gov-national;cluster,coordination-architecture;guidance,sdr,S033,2026-07-17,high,public,draft,Extracted from GWC_ABC_SDR_V17.
E0134,F219,ABC,barrier,Inconsistencies between national strategies and subnational implementation frameworks limit coherence and inclusiveness.,,subnational,PSE,gov-national;cluster,coordination-architecture;guidance,sdr,S036,2026-07-17,high,public,draft,Extracted from GWC_ABC_SDR_V17.
E0135,F220,ABC,barrier,"Where technical prioritisation functions such as standards, indicators and public health guidance migrate to area-based structures without matching mandate or capacity, the risk to sectoral quality assurance rises, particularly for WASH.",,global,,operational-cell;cluster,coordination-architecture;performance,sdr,S037,2026-07-17,high,public,draft,Extracted from GWC_ABC_SDR_V17.
E0136,F220,ABC,barrier,"Where technical prioritisation functions such as standards, indicators and public health guidance migrate to area-based structures without matching mandate or capacity, the risk to sectoral quality assurance rises, particularly for WASH.",,global,,operational-cell;cluster,coordination-architecture;performance,sdr,S039,2026-07-17,high,public,draft,Extracted from GWC_ABC_SDR_V17.
E0137,F220,ABC,barrier,"Where technical prioritisation functions such as standards, indicators and public health guidance migrate to area-based structures without matching mandate or capacity, the risk to sectoral quality assurance rises, particularly for WASH.",,global,,operational-cell;cluster,coordination-architecture;performance,sdr,S042,2026-07-17,high,public,draft,Extracted from GWC_ABC_SDR_V17.
E0138,F220,ABC,barrier,"Where technical prioritisation functions such as standards, indicators and public health guidance migrate to area-based structures without matching mandate or capacity, the risk to sectoral quality assurance rises, particularly for WASH.",,global,,operational-cell;cluster,coordination-architecture;performance,sdr,S043,2026-07-17,high,public,draft,Extracted from GWC_ABC_SDR_V17.
E0139,F220,ABC,barrier,"Where technical prioritisation functions such as standards, indicators and public health guidance migrate to area-based structures without matching mandate or capacity, the risk to sectoral quality assurance rises, particularly for WASH.",,global,,operational-cell;cluster,coordination-architecture;performance,sdr,S044,2026-07-17,high,public,draft,Extracted from GWC_ABC_SDR_V17.
E0140,F221,ABC,barrier,Local actors participated in coordination structures but had limited influence over decisions and resources.,,subnational,UKR,local-ngo;cluster,localisation;coordination-architecture,sdr,S016,2026-07-17,medium,public,draft,Extracted from GWC_ABC_SDR_V17.
E0141,F229,ABC,barrier,Implementation of area-based pilots depended heavily on external facilitation rather than local capacity.,,global,,ingo;operational-cell,localisation;capacity,sdr,S021,2026-07-17,medium,public,draft,Extracted from GWC_ABC_SDR_V17.
E0142,F223,ABC,barrier,Subnational coordination gaps constrained nexus-based planning.,,subnational,IRQ,cluster;development,nexus;coordination-architecture,sdr,S035,2026-07-17,medium,public,draft,Extracted from GWC_ABC_SDR_V17.
E0143,F224,ABC,barrier,"Local actors have limited access to funding, to decision-making spaces and to long-term institutional support, which persistently undermines equitable partnership.",,global,,local-ngo;donor,localisation;funding;partnerships,sdr,S026,2026-07-17,medium,public,draft,Extracted from GWC_ABC_SDR_V17.
E0144,F224,ABC,barrier,"Local actors have limited access to funding, to decision-making spaces and to long-term institutional support, which persistently undermines equitable partnership.",,global,,local-ngo;donor,localisation;funding;partnerships,sdr,S037,2026-07-17,medium,public,draft,Extracted from GWC_ABC_SDR_V17.
E0145,F225,Fundamentals,barrier,"Subnational coordination is structurally under-resourced and depends on double-hatting, with coordination duties added to staff already carrying operational roles.",,global,,cluster;un-agency,capacity;coordination-architecture,sdr,S042,2026-07-17,medium,public,draft,Extracted from GWC_ABC_SDR_V17.
E0146,F225,Fundamentals,barrier,"Subnational coordination is structurally under-resourced and depends on double-hatting, with coordination duties added to staff already carrying operational roles.",,global,,cluster;un-agency,capacity;coordination-architecture,sdr,S043,2026-07-17,medium,public,draft,Extracted from GWC_ABC_SDR_V17.
E0147,F225,Fundamentals,barrier,"A cluster coordinator was expected to attend meetings across three concurrent area-based structures, with the platforms absorbing coordination time without commensurate operational gain.",,subnational,PSE,cluster;operational-cell,capacity;coordination-architecture,sdr,S045,2026-07-17,medium,public,draft,Extracted from GWC_ABC_SDR_V17.
E0148,F227,ABC,barrier,"Area-based structures frequently operate without agreed rules on who participates, who decides and how priorities are set. In the absence of those rules, influence tends to follow voice and resources rather than mandate.",,global,,operational-cell;ingo,coordination-architecture;guidance,sdr,S045,2026-07-17,high,public,draft,Extracted from GWC_ABC_SDR_V17.
E0149,F227,ABC,barrier,Decision-making in area-based meetings tends to follow who speaks most rather than an agreed basis of authority.,,subnational,SDN,operational-cell;ingo,coordination-architecture,sdr,S045,2026-07-17,medium,public,draft,Extracted from GWC_ABC_SDR_V17.
E0150,F229,ABC,barrier,Terms of reference contain no requirement for area-based focal points to hold technical capacity matching response priorities.,,global,,operational-cell;ocha,guidance;capacity,sdr,S045,2026-07-17,medium,public,draft,Extracted from GWC_ABC_SDR_V17.
E0151,F230,ABC,barrier,"There is no performance framework for area-based structures equivalent to cluster coordination performance monitoring, so there is currently no agreed basis for assessing how well they are working.",,global,,ocha;operational-cell,performance;coordination-architecture,sdr,S045,2026-07-17,high,public,draft,Extracted from GWC_ABC_SDR_V17.
E0152,F231,ABC,barrier,"There is no agreed inter-agency definition or guidance for area-based coordination, and without structured learning across operations, country teams repeat work already done elsewhere.",,global,,ocha,guidance;coordination-architecture,sdr,S041,2026-07-17,high,public,draft,Extracted from GWC_ABC_SDR_V17.
E0153,F232,ABC,context,"An area-based structure secured a technically correct standard that the cluster had been unable to advance through advocacy — the right outcome, reached outside the cluster's technical channels, which shows both the potential and the missing escalation route.",,subnational,UKR,operational-cell;cluster,coordination-architecture;advocacy,sdr,S045,2026-07-17,medium,public,draft,Extracted from GWC_ABC_SDR_V17.
E0154,F233,ABC,barrier,Funding allocation strategies show the difficulty of aligning financial flows with area-based targeting and priorities.,,subnational,SYR,donor;ocha,funding;pooled-funds;geographic-targeting,sdr,S031,2026-07-17,medium,public,draft,Extracted from GWC_ABC_SDR_V17.
E0155,F234,ABC,barrier,"Funding remains largely centralised, limiting the ability of local actors to engage meaningfully in coordination and implementation.",,global,,donor;local-ngo,funding;localisation,sdr,S021,2026-07-17,high,public,draft,Extracted from GWC_ABC_SDR_V17.
E0156,F235,ABC,barrier,The need to establish dedicated coordination platforms reflects the absence of embedded funding mechanisms to support integrated coordination approaches.,,national,AFG,donor;cluster,funding;coordination-architecture,sdr,S013,2026-07-17,medium,public,draft,Extracted from GWC_ABC_SDR_V17.
E0157,F019,Fundamentals,barrier,"There is a lack of dedicated resources for coordination functions themselves, as distinct from programme delivery.",,global,,cluster;donor,funding;capacity,sdr,S022,2026-07-17,medium,public,draft,Extracted from GWC_ABC_SDR_V17.
E0158,F237,ABC,barrier,"Funding mechanisms linked to area-based structures may sit outside established coordination structures, which can affect collective prioritisation and overall coherence.",,global,,donor;operational-cell,funding;pooled-funds;coordination-architecture,sdr,S040,2026-07-17,medium,public,draft,Extracted from GWC_ABC_SDR_V17.
E0159,F019,Fundamentals,barrier,"Uneven funding across sectors creates disparities in coordination capacity, with some clusters maintaining dedicated field coordinators while others rely on partial or seconded staffing.",,global,,cluster;un-agency,funding;capacity,sdr,S042,2026-07-17,medium,public,draft,Extracted from GWC_ABC_SDR_V17.
E0160,F019,Fundamentals,barrier,"Uneven funding across sectors creates disparities in coordination capacity, with some clusters maintaining dedicated field coordinators while others rely on partial or seconded staffing.",,global,,cluster;un-agency,funding;capacity,sdr,S043,2026-07-17,medium,public,draft,Extracted from GWC_ABC_SDR_V17.
E0161,F239,ABC,barrier,"Under current resource constraints, advocating for area-based coordination resourcing and advocating for sector response funding have become competing rather than complementary asks on the same diminished pool.",,national,YEM,cluster;donor,funding;advocacy,sdr,S045,2026-07-17,medium,public,draft,Extracted from GWC_ABC_SDR_V17.
E0162,F240,ABC,barrier,"Partners engage with coordination platforms because pooled fund allocations sit behind them; as area-based structures take on prioritisation, partner engagement migrates to wherever allocation power resides.",,national,SDN,ingo;ocha;operational-cell,funding;pooled-funds;coordination-architecture,sdr,S045,2026-07-17,medium,public,draft,Extracted from GWC_ABC_SDR_V17.
E0163,F241,Fundamentals,barrier,"International organisations tasked with building local area-based capacity operate on very short-term and volatile funding envelopes, which undercuts the sustained engagement capacity development requires.",,global,,ingo;local-ngo,funding;capacity;localisation,sdr,S045,2026-07-17,medium,public,draft,Extracted from GWC_ABC_SDR_V17.
E0164,F242,ABC,barrier,"Material costs are a structural barrier limiting national and local NGO participation and leadership in area-based coordination, rather than an incidental detail.",,global,,local-ngo;donor,funding;localisation,sdr,S041,2026-07-17,high,public,draft,Extracted from GWC_ABC_SDR_V17.
E0165,F243,ABC,barrier,"The terms of reference and the accompanying guidance differ on who is responsible for resourcing area-based structures, which leaves country coordinators without a clear basis for funding conversations.",,global,,ocha;cluster,guidance;funding,sdr,S045,2026-07-17,medium,public,draft,Extracted from GWC_ABC_SDR_V17.
E0166,F244,ABC,barrier,"In some contexts, decisions requiring sector expertise — indicator selection, assessment methodology, response modality — are taken in structures that do not have technical staff.",,global,,operational-cell;cluster,performance;coordination-architecture,sdr,S042,2026-07-17,medium,public,draft,Extracted from GWC_ABC_SDR_V17.
E0167,F244,ABC,barrier,"In some contexts, decisions requiring sector expertise — indicator selection, assessment methodology, response modality — are taken in structures that do not have technical staff.",,global,,operational-cell;cluster,performance;coordination-architecture,sdr,S043,2026-07-17,medium,public,draft,Extracted from GWC_ABC_SDR_V17.
E0168,F245,ABC,barrier,"Indicators and assessment methods not suited to specialised responses, including cholera and public health, have been applied in area-based settings.",,global,,operational-cell;cluster,performance;information-management,sdr,S042,2026-07-17,medium,public,draft,Extracted from GWC_ABC_SDR_V17.
E0169,F245,ABC,barrier,"Indicators and assessment methods not suited to specialised responses, including cholera and public health, have been applied in area-based settings.",,global,,operational-cell;cluster,performance;information-management,sdr,S043,2026-07-17,medium,public,draft,Extracted from GWC_ABC_SDR_V17.
E0170,F246,ABC,barrier,"Quality assurance within area-based structures is weak or absent — limited technical review of assessment tools, inconsistent adherence to sector minimum standards, and no mechanism for technical escalation to cluster leadership.",,global,,operational-cell;cluster,performance;coordination-architecture,sdr,S042,2026-07-17,medium,public,draft,Extracted from GWC_ABC_SDR_V17.
E0171,F246,ABC,barrier,"Quality assurance within area-based structures is weak or absent — limited technical review of assessment tools, inconsistent adherence to sector minimum standards, and no mechanism for technical escalation to cluster leadership.",,global,,operational-cell;cluster,performance;coordination-architecture,sdr,S043,2026-07-17,medium,public,draft,Extracted from GWC_ABC_SDR_V17.
E0172,F246,ABC,barrier,"Quality assurance within area-based structures is weak or absent — limited technical review of assessment tools, inconsistent adherence to sector minimum standards, and no mechanism for technical escalation to cluster leadership.",,global,,operational-cell;cluster,performance;coordination-architecture,sdr,S044,2026-07-17,medium,public,draft,Extracted from GWC_ABC_SDR_V17.
E0173,F229,ABC,barrier,"Coordinators across several contexts are asking what needs to be in place before handing functions to area-based structures so that WASH capacity is retained, and the question does not yet have a settled answer.",,global,,cluster;operational-cell,coordination-architecture;capacity,sdr,S045,2026-07-17,medium,public,draft,Extracted from GWC_ABC_SDR_V17.
E0174,F248,ABC,enabler,"Area-based programming generally adhered to cluster technical guidance, and where subnational cluster coordination was weak or absent, area-based coordination provided feedback on the suitability of technical standards.",,global,,operational-cell;cluster,performance;coordination-architecture,sdr,S041,2026-07-17,high,public,draft,Extracted from GWC_ABC_SDR_V17.
E0175,F249,ABC,enabler,A drought strategic working group and community resource centres supported multi-sector coordination and improved alignment of interventions at local level.,,subnational,AFG,cluster;gov-local,coordination-architecture;multisector,sdr,S013,2026-07-17,medium,public,draft,Extracted from GWC_ABC_SDR_V17.
E0176,F250,ABC,enabler,"Decentralised, operationally focused subnational platforms improve responsiveness and the ability to adapt to local needs.",,global,,cluster;gov-local,coordination-architecture;localisation,sdr,S024,2026-07-17,high,public,draft,Extracted from GWC_ABC_SDR_V17.
E0177,F251,ABC,enabler,"Deploying dedicated coordination leadership at subnational level improves actor alignment, strengthens engagement with local authorities and enables bottom-up planning.",,global,,cluster;gov-local,capacity;coordination-architecture,sdr,S037,2026-07-17,medium,public,draft,Extracted from GWC_ABC_SDR_V17.
E0178,F252,ABC,enabler,Area-based development approaches show how decentralised systems can integrate planning across sectors and improve responsiveness to local priorities.,,subnational,MOZ,gov-local;development,multisector;nexus,sdr,S034,2026-07-17,medium,public,draft,Extracted from GWC_ABC_SDR_V17.
E0179,F253,ABC,enabler,"Shifting decision-making authority to local level, where supported by inclusive structures, generates more context-appropriate solutions.",,global,,local-ngo;gov-local,localisation,sdr,S037,2026-07-17,medium,public,draft,Extracted from GWC_ABC_SDR_V17.
E0180,F254,ABC,barrier,"Localisation of coordination raises uneven technical capacity at subnational level, inconsistent quality assurance across areas, and exposure of coordination priorities to local political dynamics.",,global,,local-ngo;operational-cell,localisation;performance,sdr,S042,2026-07-17,medium,public,draft,Extracted from GWC_ABC_SDR_V17.
E0181,F254,ABC,barrier,"Localisation of coordination raises uneven technical capacity at subnational level, inconsistent quality assurance across areas, and exposure of coordination priorities to local political dynamics.",,global,,local-ngo;operational-cell,localisation;performance,sdr,S043,2026-07-17,medium,public,draft,Extracted from GWC_ABC_SDR_V17.
E0182,F251,ABC,practice,"A major drought scale-up was anchored by five operational coordination hubs with dedicated subnational cluster capacity and district-level area coordination groups, positioning coordination where delivery happened.",,subnational,SOM,cluster;gov-local,coordination-architecture;capacity,sdr,S027,2026-07-17,medium,public,draft,Extracted from GWC_ABC_SDR_V17.
E0183,F256,ABC,enabler,"Area-based coordination enabled agencies with strong local presence to lead joint access negotiations with armed groups and community members, a function only locally anchored coordination can perform.",,subnational,HTI,local-ngo;community,coordination-architecture;partnerships,sdr,S028,2026-07-17,medium,public,draft,Extracted from GWC_ABC_SDR_V17.
E0184,F386,Transition,enabler,Recruiting and training subnational cluster coordinators working in the national language proved highly constructive for local coordination quality.,,subnational,MMR,cluster;local-ngo,capacity;localisation,sdr,S030,2026-07-17,medium,public,draft,Extracted from GWC_ABC_SDR_V17.
E0185,F258,ABC,barrier,"Area-based models facilitated participation by subnational authorities, local and national NGOs and affected people, but participation alone rarely increased their ability to influence the response.",,global,,local-ngo;community,localisation;aap,sdr,S041,2026-07-17,high,public,draft,Extracted from GWC_ABC_SDR_V17.
E0186,F259,ABC,enabler,Local ownership was achieved only where international actors supported local decision-making processes rather than running their own.,,global,,ingo;local-ngo,localisation,sdr,S041,2026-07-17,high,public,draft,Extracted from GWC_ABC_SDR_V17.
E0187,F260,ABC,barrier,"Where local actors have formal presence without decision-making power, the platform adds reporting workload without giving them influence over priorities or resources.",,global,,local-ngo;operational-cell,localisation;coordination-architecture,sdr,S045,2026-07-17,high,public,draft,Extracted from GWC_ABC_SDR_V17.
E0188,F261,ABC,enabler,"Conducting coordination in the local language transformed the quality of participation, allowing local actors to raise issues and flag priorities in ways national-level platforms in other languages did not permit.",,subnational,PSE;MMR,local-ngo;community,localisation;aap,sdr,S045,2026-07-17,high,public,draft,Extracted from GWC_ABC_SDR_V17.
E0189,F261,ABC,enabler,"Conducting coordination in the local language transformed the quality of participation, allowing local actors to raise issues and flag priorities in ways national-level platforms in other languages did not permit.",,subnational,PSE;MMR,local-ngo;community,localisation;aap,sdr,S030,2026-07-17,high,public,draft,Extracted from GWC_ABC_SDR_V17.
E0190,F262,ABC,enabler,Improved data sharing is associated with better coordination and more coherent prioritisation of needs.,,national,PSE,cluster;operational-cell,information-management,sdr,S029,2026-07-17,medium,public,draft,Extracted from GWC_ABC_SDR_V17.
E0191,F263,ABC,enabler,Harmonised assessment frameworks and shared data systems are critical to enabling joint analysis and coordinated decision-making.,,global,,cluster,information-management;hpc,sdr,S014,2026-07-17,high,public,draft,Extracted from GWC_ABC_SDR_V17.
E0192,F264,ABC,practice,"A working division of labour has the cluster providing the analytical framework, area-based structures collecting data within it, and the cluster analysing and feeding results back into joint planning — already operational in one context and validated as replicable.",,national,PSE,cluster;operational-cell,information-management;coordination-architecture,sdr,S045,2026-07-17,high,public,draft,Extracted from GWC_ABC_SDR_V17.
E0193,F265,ABC,enabler,"A well-configured area-based structure, with the cluster retaining the analytical function, can close the loop between needs assessment, planning, delivery and monitoring back to what people actually preferred.",,global,,cluster;community,information-management;aap;hpc,sdr,S045,2026-07-17,medium,public,draft,Extracted from GWC_ABC_SDR_V17.
E0194,F266,ABC,enabler,Integrated programming across sectors was achieved where coordination mechanisms were operationally strong enough to support joint planning and delivery.,,global,,cluster;operational-cell,multisector;coordination-architecture,sdr,S021,2026-07-17,medium,public,draft,Extracted from GWC_ABC_SDR_V17.
E0195,F267,ABC,enabler,Area-based coordination can serve as a platform for cross-sector collaboration and nexus integration where coordination mechanisms are clearly defined and operationally supported.,,global,,operational-cell;cluster,multisector;nexus,sdr,S038,2026-07-17,high,public,draft,Extracted from GWC_ABC_SDR_V17.
E0196,F267,ABC,enabler,Area-based coordination can serve as a platform for cross-sector collaboration and nexus integration where coordination mechanisms are clearly defined and operationally supported.,,global,,operational-cell;cluster,multisector;nexus,sdr,S040,2026-07-17,high,public,draft,Extracted from GWC_ABC_SDR_V17.
E0197,F268,ABC,enabler,"Area-based approaches achieved strong multisectoral linkages because they are multisectoral by design, with dedicated funding enabling sequenced and controlled responses.",,global,,operational-cell;donor,multisector;funding,sdr,S041,2026-07-17,high,public,draft,Extracted from GWC_ABC_SDR_V17.
E0198,F269,ABC,enabler,Adapting camp coordination to area-based approaches outside camp settings positions coordination to support not only first response but the transition toward durable solutions.,,global,,operational-cell;community,multisector;transition-handover,sdr,S018,2026-07-17,medium,public,draft,Extracted from GWC_ABC_SDR_V17.
E0199,F270,ABC,enabler,Area-based platforms enabled real-time tracking of delivery against population needs and preferences.,,subnational,PSE,community;operational-cell,aap;information-management,sdr,S029,2026-07-17,high,public,draft,Extracted from GWC_ABC_SDR_V17.
E0200,F270,ABC,enabler,Area-based platforms enabled real-time tracking of delivery against population needs and preferences.,,subnational,PSE,community;operational-cell,aap;information-management,sdr,S045,2026-07-17,high,public,draft,Extracted from GWC_ABC_SDR_V17.
E0201,F271,ABC,practice,"Skilled mobile outreach teams with diverse skill sets, working closely with all communities and population groups, provide a concrete delivery mechanism for community feedback.",,global,,operational-cell;community,aap;inclusion,sdr,S018,2026-07-17,medium,public,draft,Extracted from GWC_ABC_SDR_V17.
E0202,F272,ABC,enabler,"Affected people could influence planning decisions where the coordination modality was explicitly designed for it, and had limited influence otherwise — design rather than structure determines accountability.",,global,,community;operational-cell,aap,sdr,S041,2026-07-17,high,public,draft,Extracted from GWC_ABC_SDR_V17.
E0203,F273,ABC,recommendation,"Feedback mechanisms should reach the local actors implementing at area level, not only those coordinating at national level.",,global,,local-ngo;cluster,aap;localisation,sdr,S045,2026-07-17,medium,public,draft,Extracted from GWC_ABC_SDR_V17.
E0204,F274,ABC,enabler,"Where area-based structures are not absorbed by active response, they can anchor local risk monitoring and preparedness between crisis peaks, building the relationships and situational awareness coordination needs before an emergency.",,global,,operational-cell;gov-local,coordination-architecture;capacity;,sdr,S045,2026-07-17,medium,public,draft,Extracted from GWC_ABC_SDR_V17.
E0205,F387,Transition,practice,"Area-based structures addressed contingency planning among their inter-agency functions, and in one context supported government-led flood preparedness with structured capacity building for local authorities.",,subnational,SSD,gov-local;operational-cell,capacity;government-engagement,sdr,S041,2026-07-17,medium,public,draft,Extracted from GWC_ABC_SDR_V17.
E0206,F229,ABC,context,"Where area-based structures already lack basic coordination capacity, adding a preparedness function is unrealistic and should not be pursued at the expense of core coordination.",,global,,operational-cell;cluster,capacity;coordination-architecture,sdr,S045,2026-07-17,medium,public,draft,Extracted from GWC_ABC_SDR_V17.
E0207,F280,ABC,barrier,"Coordination often remains procedural rather than operational, which limits its ability to support integrated service delivery.",,global,,cluster;operational-cell,coordination-architecture,sdr,S101,2026-07-17,medium,public,draft,SDR-level synthesis. Not independent of the sources it synthesises — do not merge with them.
E0208,F281,ABC,context,"Effectiveness depends less on whether an area-based structure exists than on how it is configured: where mandates are clear, the information architecture is sound and technical accountability for WASH is preserved, it works.",,global,,cluster;operational-cell,coordination-architecture;guidance,sdr,S101,2026-07-17,medium,public,draft,SDR-level synthesis. Not independent of the sources it synthesises — do not merge with them.
E0209,F282,ABC,barrier,"Role clarity across national, subnational and sectoral tiers is often insufficient, which limits how well the tiers work together.",,global,,cluster;ocha,coordination-architecture;guidance,sdr,S019,2026-07-17,medium,public,draft,Extracted from GWC_ABC_SDR_V17.
E0210,F282,ABC,barrier,"Role clarity across national, subnational and sectoral tiers is often insufficient, which limits how well the tiers work together.",,global,,cluster;ocha,coordination-architecture;guidance,sdr,S032,2026-07-17,medium,public,draft,Extracted from GWC_ABC_SDR_V17.
E0211,F282,ABC,barrier,"Role clarity across national, subnational and sectoral tiers is often insufficient, which limits how well the tiers work together.",,global,,cluster;ocha,coordination-architecture;guidance,sdr,S020,2026-07-17,medium,public,draft,Extracted from GWC_ABC_SDR_V17.
E0212,F283,ABC;Transition,barrier,Shifts from internationally led to nationally anchored systems can create governance gaps in which coordination functions are duplicated or lost.,,global,,gov-national;cluster,coordination-architecture;transition-handover,sdr,S020,2026-07-17,medium,public,draft,Extracted from GWC_ABC_SDR_V17.
E0213,F283,ABC;Transition,barrier,Shifts from internationally led to nationally anchored systems can create governance gaps in which coordination functions are duplicated or lost.,,global,,gov-national;cluster,coordination-architecture;transition-handover,sdr,S033,2026-07-17,medium,public,draft,Extracted from GWC_ABC_SDR_V17.
E0214,F283,ABC;Transition,barrier,Shifts from internationally led to nationally anchored systems can create governance gaps in which coordination functions are duplicated or lost.,,global,,gov-national;cluster,coordination-architecture;transition-handover,sdr,S036,2026-07-17,medium,public,draft,Extracted from GWC_ABC_SDR_V17.
E0215,F284,ABC,barrier,"Financial flows remain largely centralised, sector-specific or project-based, which limits their ability to support cross-sector coordination, subnational planning and sustained local engagement.",,global,,donor;cluster,funding;coordination-architecture,sdr,S101,2026-07-17,medium,public,draft,SDR-level synthesis. Not independent of the sources it synthesises — do not merge with them.
E0216,F285,ABC,enabler,"Integration across sectors does not follow automatically from the presence of coordination structures; it requires deliberate alignment of sectoral priorities, joint planning processes and operational collaboration.",,global,,cluster;operational-cell,multisector;coordination-architecture,sdr,S101,2026-07-17,medium,public,draft,SDR-level synthesis. Not independent of the sources it synthesises — do not merge with them.
E0217,F286,ABC,context,"Three cluster functions cannot be replicated by area-based structures: technical leadership, data analysis, and sector-level advocacy. These are the starting point for deciding what to share and what to retain.",,global,,cluster,coordination-architecture;advocacy;information-management,sdr,S045,2026-07-17,medium,public,draft,Extracted from GWC_ABC_SDR_V17.
E0218,F287,ABC,recommendation,"Improve interoperability between coordination mechanisms, information systems and implementation pathways so that joint planning and delivery become possible.",,global,,cluster;operational-cell,coordination-architecture;information-management,sdr,S101,2026-07-17,medium,public,draft,"Underpinning evidence, Section 5 of the ABC SDR. Grounded in the S1-S32 evidence base."
E0219,F426,Transition,recommendation,"Invest in technical, institutional and operational capacity at local level through realistic staffing models, reducing reliance on double-hatting and temporary arrangements.",,global,,cluster;un-agency,capacity;localisation,sdr,S101,2026-07-17,medium,public,draft,"Underpinning evidence, Section 5 of the ABC SDR. Grounded in the S1-S32 evidence base."
E0220,F109,Fundamentals,recommendation,"Treat information management as core coordination infrastructure: harmonise data systems, improve interoperability, establish common technical validation, and enable joint analysis.",,global,,cluster,information-management;capacity,sdr,S101,2026-07-17,medium,public,draft,"Underpinning evidence, Section 5 of the ABC SDR. Grounded in the S1-S32 evidence base."
E0221,F290,ABC,recommendation,"Simplify and clarify terms of reference and governance frameworks so that roles, accountability and alignment between national, subnational and area levels are explicit.",,global,,cluster;ocha;operational-cell,guidance;coordination-architecture,sdr,S101,2026-07-17,medium,public,draft,"Underpinning evidence, Section 5 of the ABC SDR. Grounded in the S1-S32 evidence base."
E0222,F291,ABC,recommendation,"Preserve residual technical governance functions within sectors even under area-based models, with clear escalation pathways.",,global,,cluster;operational-cell,coordination-architecture;performance,sdr,S101,2026-07-17,medium,public,draft,"Underpinning evidence, Section 5 of the ABC SDR. Grounded in the S1-S32 evidence base."
E0223,F292,ABC,recommendation,"Establish minimum sectoral standards, technical review mechanisms and quality assurance processes within area-based coordination frameworks.",,global,,cluster;operational-cell,performance;guidance,sdr,S101,2026-07-17,medium,public,draft,"Underpinning evidence, Section 5 of the ABC SDR. Grounded in the S1-S32 evidence base."
E0224,F293,ABC,recommendation,"Align funding mechanisms with area-based approaches: support integrated programming, ensure resources reach subnational actors, and fund both operational and technical coordination functions.",,global,,donor;ocha;cluster,funding;pooled-funds,sdr,S101,2026-07-17,medium,public,draft,"Underpinning evidence, Section 5 of the ABC SDR. Grounded in the S1-S32 evidence base."
E0225,F300,Transition,barrier,"Transitions weaken coordination where successor structures are not defined and the links between local, national and sectoral platforms are not established before responsibilities move.",,global,,cluster;gov-national,transition-handover;coordination-architecture,sdr,S102,2026-07-17,medium,public,draft,SDR-level synthesis. Not independent of the sources it synthesises.
E0226,F301,Transition,barrier,Redistributing coordination functions across several successor arrangements creates a fragmentation risk unless roles and linkages between them are explicitly managed.,,national,IRQ,cluster;gov-national,transition-handover;coordination-architecture,sdr,S054,2026-07-17,medium,public,draft,Extracted from GWC Transition SDR.
E0227,F302,Transition,barrier,"Newly established area-based structures covered only part of the displaced population after transition, leaving coverage gaps that were discovered after the handover.",,subnational,IRQ,operational-cell;cluster,transition-handover;geographic-targeting,sdr,S052,2026-07-17,medium,public,draft,Extracted from GWC Transition SDR.
E0228,F303,Transition,barrier,Several coordination layers operating at once produced duplication and made operational accountability harder to locate.,,national,CMR,cluster;ocha,coordination-architecture;transition-handover,sdr,S055,2026-07-17,medium,public,draft,Extracted from GWC Transition SDR.
E0229,F304,Transition,barrier,"Humanitarian coordination ran separately from government systems rather than integrating into them, which stalled the move to national leadership.",,national,IDN,gov-national;cluster,transition-handover;government-engagement,sdr,S056,2026-07-17,medium,public,draft,Extracted from GWC Transition SDR.
E0230,F028,Fundamentals,barrier,Declining information management staffing and weak inter-cluster coordination reduce the quality of coordination architecture during handovers.,,global,,cluster;ocha,information-management;capacity;transition-handover,sdr,S059,2026-07-17,high,public,draft,Extracted from GWC Transition SDR.
E0231,F306,Transition,barrier,Service delivery continuity suffers in protracted transitions where coordination arrangements change without a defined successor.,,national,SOM,cluster;gov-national,transition-handover;sustainability,sdr,S060,2026-07-17,medium,public,draft,Extracted from GWC Transition SDR.
E0232,F307,Transition,barrier,"Government structures rarely mirror the WASH sector: water may sit with a water resources ministry, sanitation with health, and hygiene promotion with neither, so there is no single counterpart to receive the handover.",,global,,gov-national;cluster,government-engagement;transition-handover,sdr,S083,2026-07-17,high,public,draft,Extracted from GWC Transition SDR.
E0233,F307,Transition,barrier,"Government structures rarely mirror the WASH sector: water may sit with a water resources ministry, sanitation with health, and hygiene promotion with neither, so there is no single counterpart to receive the handover.",,global,,gov-national;cluster,government-engagement;transition-handover,sdr,S085,2026-07-17,high,public,draft,Extracted from GWC Transition SDR.
E0234,F308,Transition,barrier,"A transition handed water and sanitation to the water authority and hygiene and water quality to the health ministry, a split the successor coordination never fully bridged.",,national,HTI,gov-national;cluster,government-engagement;transition-handover;sustainability,sdr,S084,2026-07-17,medium,public,draft,Extracted from GWC Transition SDR.
E0235,F309,Transition,barrier,"Where government does not recognise WASH as a single sector, there is no obvious successor platform, and without a well-named one, several parallel platforms tend to develop.",,national,IRQ,gov-national;cluster,government-engagement;coordination-architecture;transition-handover,sdr,S085,2026-07-17,medium,public,draft,Extracted from GWC Transition SDR.
E0236,F310,Transition,context,"Formal deactivation was never discussed, but the architecture was reduced from a two-level platform to a single subnational hub while the response target was halved — transition by attrition, without a transition framework.",,national,MOZ,cluster;ocha,transition-handover;coordination-architecture,sdr,S085,2026-07-17,medium,public,draft,Extracted from GWC Transition SDR.
E0237,F311,Transition,barrier,The shift toward new coordination structures generated immediate risks of fragmented and parallel reporting systems.,,national,CMR,cluster,information-management;transition-handover,sdr,S055,2026-07-17,medium,public,draft,Extracted from GWC Transition SDR.
E0238,F312,Transition,barrier,Maintaining an accurate evidence base proved difficult as transition dynamics evolved.,,national,SOM,cluster,information-management;transition-handover,sdr,S060,2026-07-17,medium,public,draft,Extracted from GWC Transition SDR.
E0239,F313,Transition,barrier,Sustaining information flows proved difficult as coordination mechanisms restructured.,,national,IRQ,cluster,information-management;transition-handover,sdr,S067,2026-07-17,medium,public,draft,Extracted from GWC Transition SDR.
E0240,F028,Fundamentals,barrier,"Information management is typically the first capacity reduced, so by the time transition planning formally begins, institutional memory, systems and analytical capacity have often already shrunk to a contact list and basic reporting.",,global,,cluster;un-agency,information-management;capacity;transition-handover,sdr,S083,2026-07-17,high,public,draft,Extracted from GWC Transition SDR.
E0241,F027,Fundamentals,barrier,"Reliance on short-term contracts and inadequate funding drives high turnover among information management staff, which erases the institutional memory clusters depend on.",,global,,cluster;un-agency,information-management;staff-turnover;funding,sdr,S078,2026-07-17,high,public,draft,Extracted from GWC Transition SDR.
E0242,F316,Transition,enabler,"Information management continuity needs dual capacity: someone running cluster IM through the transition, and someone building the counterpart function that will receive it.",,global,,cluster;gov-national,information-management;capacity;transition-handover,sdr,S083,2026-07-17,medium,public,draft,Extracted from GWC Transition SDR.
E0243,F027,Fundamentals,barrier,"When coordination had to restart after a major flood, no record of prior technical decisions existed and technical working group discussions on sanitation options had to be repeated from the beginning.",,national,LBY,cluster;un-agency,information-management;transition-handover;staff-turnover,sdr,S084,2026-07-17,medium,public,draft,Extracted from GWC Transition SDR.
E0244,F318,Transition,barrier,"The government co-lead has no information management function at all, and coordinators identified an embedded IM post plus capacity building as the minimum precondition for any transition.",,national,NER,gov-national;cluster,information-management;capacity;government-engagement,sdr,S084,2026-07-17,medium,public,draft,Extracted from GWC Transition SDR.
E0245,F318,Transition,barrier,"The government co-lead has no information management function at all, and coordinators identified an embedded IM post plus capacity building as the minimum precondition for any transition.",,national,NER,gov-national;cluster,information-management;capacity;government-engagement,sdr,S085,2026-07-17,medium,public,draft,Extracted from GWC Transition SDR.
E0246,F319,Transition,enabler,"Where the response plan is not the language of government, data often is: information management support that adds value to the government own reporting gains traction where coordination advocacy does not.",,global,,gov-national;cluster,information-management;government-engagement;advocacy,sdr,S083,2026-07-17,high,public,draft,Extracted from GWC Transition SDR.
E0247,F320,Transition,enabler,"Information management assets can be sorted deliberately: those to align with government systems from the start, such as master facility lists and asset inventories; those that transfer quickly, such as partner activity data in a receiving-friendly format; and those too complex or not relevant to transfer.",,global,,cluster;gov-national,information-management;transition-handover,sdr,S083,2026-07-17,medium,public,draft,Extracted from GWC Transition SDR.
E0248,F321,Transition,context,"Governments work bilaterally and will not adopt cluster tools, so the minimum practical action is to understand and map the government information management system even without participating in it.",,global,,gov-national;cluster,information-management;government-engagement,sdr,S083,2026-07-17,medium,public,draft,Extracted from GWC Transition SDR.
E0249,F321,Transition,context,"Governments work bilaterally and will not adopt cluster tools, so the minimum practical action is to understand and map the government information management system even without participating in it.",,global,,gov-national;cluster,information-management;government-engagement,sdr,S084,2026-07-17,medium,public,draft,Extracted from GWC Transition SDR.
E0250,F322,Transition,barrier,"Without predictable resources, local authorities often lack both the interest and the financial capacity to absorb coordination and service delivery costs.",,global,,gov-local;donor,funding;transition-handover,sdr,S056,2026-07-17,high,public,draft,Extracted from GWC Transition SDR.
E0251,F323,Transition,barrier,Structural public finance constraints compromised the long-term sustainability of essential WASH services after transition.,,national,IRQ,gov-national;donor,funding;sustainability,sdr,S064,2026-07-17,medium,public,draft,Extracted from GWC Transition SDR.
E0252,F324,Transition,enabler,"Transition planning secured sustained development financing for transition support structures, reducing the risk of a funding-driven closure.",,national,UKR,development;cluster,funding;nexus;transition-handover,sdr,S065,2026-07-17,medium,public,draft,Extracted from GWC Transition SDR.
E0253,F325,Transition,barrier,Abrupt withdrawal of coordination financing was identified as a specific risk to successor viability.,,national,IRQ,donor;cluster,funding;transition-handover,sdr,S068,2026-07-17,medium,public,draft,Extracted from GWC Transition SDR.
E0254,F019,Fundamentals,context,Roughly half of WASH coordinator and information management positions globally were affected by funding reductions.,,global,,cluster;un-agency,funding;capacity,sdr,S084,2026-07-17,high,public,draft,Extracted from GWC Transition SDR.
E0255,F019,Fundamentals,barrier,Coordinator positions were abolished as the mechanism for meeting a budget reduction of fifteen to twenty per cent.,,national,SYR,un-agency;cluster,funding;capacity;transition-handover,sdr,S083,2026-07-17,medium,public,draft,Extracted from GWC Transition SDR.
E0256,F328,Transition,barrier,"A coordination review was framed from the outset around the absence of funding rather than around operational need, which set its conclusion in advance.",,national,IRQ,un-agency;cluster,funding;transition-handover;performance,sdr,S083,2026-07-17,medium,public,draft,Extracted from GWC Transition SDR.
E0257,F329,Transition,barrier,"The stated basis for deactivation is needs and capacity, but funding now acts as a third and undeclared factor, with coordination posts among the first reduced inside the cluster lead agency.",,global,,un-agency;ocha,funding;transition-handover;guidance,sdr,S083,2026-07-17,high,public,draft,Extracted from GWC Transition SDR.
E0258,F329,Transition,barrier,"The stated basis for deactivation is needs and capacity, but funding now acts as a third and undeclared factor, with coordination posts among the first reduced inside the cluster lead agency.",,global,,un-agency;ocha,funding;transition-handover;guidance,sdr,S085,2026-07-17,high,public,draft,Extracted from GWC Transition SDR.
E0259,F019,Fundamentals,barrier,Sector funding is falling by around eighteen per cent a year while the coordination structure is being reduced in parallel.,,subnational,BGD,donor;cluster,funding;transition-handover,sdr,S085,2026-07-17,medium,public,draft,Extracted from GWC Transition SDR.
E0260,F331,Transition,context,Coordinators expect deactivation to be read by donors as confirmation of disengagement from an already under-funded emergency.,,subnational,CMR,donor;cluster,funding;advocacy;transition-handover,sdr,S084,2026-07-17,medium,public,draft,Extracted from GWC Transition SDR.
E0261,F332,Transition,context,"International humanitarian funding fell from around 1.8 billion to 265 million US dollars, which forced an accelerated transition.",,national,IRQ,donor,funding;transition-handover,sdr,S072,2026-07-17,medium,public,draft,Extracted from GWC Transition SDR.
E0262,F333,Transition,barrier,Deactivation was triggered by funding shortage rather than by the operational readiness of national systems.,,national,IRQ,donor;cluster,funding;transition-handover,sdr,S073,2026-07-17,medium,public,draft,Extracted from GWC Transition SDR.
E0263,F334,Transition,context,"Large donor reductions, including the termination of a substantial majority of one major donor grant portfolio, pushed the sector into accelerated and involuntary transitions.",,global,,donor;ingo,funding;transition-handover,sdr,S079,2026-07-17,high,public,draft,Extracted from GWC Transition SDR.
E0264,F335,Transition,barrier,"Funding-driven transition sits upstream of the other barriers: it drives weak planning, broken sequencing and fragmentation at the same time.",,global,,donor;cluster;ocha,funding;transition-handover;coordination-architecture,sdr,S083,2026-07-17,high,public,draft,Extracted from GWC Transition SDR.
E0265,F336,Transition,barrier,"Transition plans were developed before actors had agreed transition criteria, which produced misaligned planning and premature deactivation commitments.",,national,CMR,cluster;ocha,transition-handover;guidance,sdr,S055,2026-07-17,medium,public,draft,Extracted from GWC Transition SDR.
E0266,F337,Transition,barrier,Rapid transition processes systematically weaken inclusive planning.,,global,,cluster;local-ngo,transition-handover;localisation,sdr,S056,2026-07-17,high,public,draft,Extracted from GWC Transition SDR.
E0267,F396,Transition,practice,Transition planning proposed a six-month post-handover mentoring phase with quarterly reviews.,,national,CMR,cluster;gov-national,transition-handover;capacity,sdr,S066,2026-07-17,medium,public,draft,Extracted from GWC Transition SDR.
E0268,F339,Transition,enabler,Planning sequencing was explicitly linked to financing continuity rather than treated as a separate exercise.,,national,UKR,cluster;development,transition-handover;funding,sdr,S065,2026-07-17,medium,public,draft,Extracted from GWC Transition SDR.
E0269,F340,Transition,barrier,"Transitions launched without sufficient planning time, agreed criteria or post-handover support systematically underperform.",,global,,cluster;ocha,transition-handover;guidance,sdr,S059,2026-07-17,high,public,draft,Extracted from GWC Transition SDR.
E0270,F340,Transition,barrier,"Transitions launched without sufficient planning time, agreed criteria or post-handover support systematically underperform.",,global,,cluster;ocha,transition-handover;guidance,sdr,S069,2026-07-17,high,public,draft,Extracted from GWC Transition SDR.
E0271,F341,Transition,barrier,"Transition discussions began years before the decision, but the deactivation decision itself came only months before the end, by which point opportunities to prepare had been lost.",,national,IRQ,cluster;ocha,transition-handover;guidance,sdr,S084,2026-07-17,medium,public,draft,Extracted from GWC Transition SDR.
E0272,F342,Transition,barrier,"Government formation delays, protests and cancelled meetings meant the transition timeline never held, and securing genuine government engagement took over a year.",,national,IRQ,gov-national;cluster,transition-handover;government-engagement,sdr,S084,2026-07-17,medium,public,draft,Extracted from GWC Transition SDR.
E0273,F343,Transition,barrier,"A three-month support window forced the transition strategy to be drafted before the stakeholder capacity analysis was done, and it emerged mid-process that it was unclear to the designated successor institution why it should lead WASH coordination at all.",,national,HND,gov-national;cluster,transition-handover;government-engagement,sdr,S084,2026-07-17,medium,public,draft,Extracted from GWC Transition SDR.
E0274,F343,Transition,barrier,"A three-month support window forced the transition strategy to be drafted before the stakeholder capacity analysis was done, and it emerged mid-process that it was unclear to the designated successor institution why it should lead WASH coordination at all.",,national,HND,gov-national;cluster,transition-handover;government-engagement,sdr,S085,2026-07-17,medium,public,draft,Extracted from GWC Transition SDR.
E0275,F344,Transition,barrier,The expectation that every cluster develops a transition plan within three months of activation has in practice not been implemented.,,global,,cluster;ocha,transition-handover;guidance,sdr,S084,2026-07-17,medium,public,draft,Extracted from GWC Transition SDR.
E0276,F345,Transition,barrier,"Clusters are frequently kept active well beyond the emergency phase to fill long-term sectoral gaps, which complicates defining an endpoint, and governments may resist deactivation because clusters also function as resource mobilisation channels.",,global,,cluster;gov-national,transition-handover;funding;government-engagement,sdr,S069,2026-07-17,medium,public,draft,Extracted from GWC Transition SDR.
E0277,F346,Transition,enabler,"A cluster with a transition plan and agreed readiness indicators can show concretely that conditions are not yet met, which is the most effective way to resist a premature, funding-driven deactivation.",,global,,cluster;ocha,transition-handover;performance;advocacy,sdr,S084,2026-07-17,high,public,draft,Extracted from GWC Transition SDR.
E0278,F347,Transition,barrier,Coordination structures invite local actors to meetings without giving them real decision-making power.,,global,,local-ngo;cluster,localisation;coordination-architecture,sdr,S062,2026-07-17,high,public,draft,Extracted from GWC Transition SDR.
E0279,F348,Transition,barrier,"Local organisations remain marginal in the design of transition itself, as distinct from its implementation.",,global,,local-ngo;cluster,localisation;transition-handover,sdr,S056,2026-07-17,medium,public,draft,Extracted from GWC Transition SDR.
E0280,F349,Transition,barrier,Community involvement in transition planning and implementation was limited.,,national,SOM,community;cluster,localisation;aap,sdr,S060,2026-07-17,medium,public,draft,Extracted from GWC Transition SDR.
E0281,F350,Transition,barrier,Localisation commitments are not consistently translated into operational authority for local actors.,,global,,local-ngo;ingo,localisation,sdr,S076,2026-07-17,high,public,draft,Extracted from GWC Transition SDR.
E0282,F350,Transition,barrier,Localisation commitments are not consistently translated into operational authority for local actors.,,global,,local-ngo;ingo,localisation,sdr,S081,2026-07-17,high,public,draft,Extracted from GWC Transition SDR.
E0283,F350,Transition,barrier,Localisation commitments are not consistently translated into operational authority for local actors.,,global,,local-ngo;ingo,localisation,sdr,S082,2026-07-17,high,public,draft,Extracted from GWC Transition SDR.
E0284,F351,Transition,barrier,The closure of the NGO coordination committee significantly weakened collective NGO coordination.,,national,IRQ,ingo;local-ngo,localisation;coordination-architecture,sdr,S056,2026-07-17,medium,public,draft,Extracted from GWC Transition SDR.
E0285,F352,Transition,barrier,"Cost differentials make localisation an attractive framing for a response whose funding is falling, while the pooled funding that national NGOs would need remains a small share of the response and largely inaccessible to them.",,subnational,BGD,local-ngo;donor,localisation;funding;pooled-funds,sdr,S085,2026-07-17,medium,public,draft,Extracted from GWC Transition SDR.
E0286,F353,Transition,context,"Abolished national staff positions are re-emerging as newly created local NGOs, which raises the question of whether localisation is moving faster than capacity and safeguards can follow.",,national,NGA,local-ngo;un-agency,localisation;capacity,sdr,S085,2026-07-17,medium,public,draft,Extracted from GWC Transition SDR.
E0287,F426,Transition,recommendation,"Capacity building for local successor actors should cover technical skills including emergency preparedness, logistics and supply, finance and human resources, community approaches, operational capacity such as transport, and fundraising.",,national,CAF,local-ngo;cluster,localisation;capacity,sdr,S085,2026-07-17,medium,public,draft,Extracted from GWC Transition SDR.
E0288,F355,Transition,barrier,"Structural power imbalances and language barriers, including the absence of translated materials, prevent local actors from participating in or leading coordination.",,national,IRQ,local-ngo;cluster,localisation;inclusion,sdr,S073,2026-07-17,medium,public,draft,Extracted from GWC Transition SDR.
E0289,F356,Transition,recommendation,"Successor reporting systems should be lean, digital and mobile-first rather than replicas of cluster tools, because local actors will not sustain cluster-format reporting.",,global,,local-ngo;cluster,localisation;information-management,sdr,S084,2026-07-17,medium,public,draft,Extracted from GWC Transition SDR.
E0290,F361,Transition,barrier,National actors lacked clear information about the roles and mandates they were expected to take on.,,national,CMR,gov-national;cluster,government-engagement;capacity,sdr,S055,2026-07-17,medium,public,draft,Extracted from GWC Transition SDR.
E0291,F361,Transition,barrier,Key government officials lacked practical experience with formal humanitarian coordination.,,national,IDN,gov-national,government-engagement;capacity,sdr,S056,2026-07-17,medium,public,draft,Extracted from GWC Transition SDR.
E0292,F359,Transition,barrier,There was no operational coordination mandate at subnational level for the successor arrangement to rest on.,,subnational,UKR,gov-local;cluster,government-engagement;coordination-architecture,sdr,S065,2026-07-17,medium,public,draft,Extracted from GWC Transition SDR.
E0293,F360,Fundamentals,barrier,Weak local implementation capacity translated directly into uneven service delivery.,,subnational,SOM,gov-local;local-ngo,capacity;sustainability,sdr,S060,2026-07-17,medium,public,draft,Extracted from GWC Transition SDR.
E0294,F361,Transition,barrier,"The co-leading ministry has effectively one trained focal point who understands what a cluster is, no information management function, and no ministry of humanitarian action, so deactivation this year would leave no coordination in place.",,national,NER,gov-national;cluster,government-engagement;capacity;transition-handover,sdr,S084,2026-07-17,medium,public,draft,Extracted from GWC Transition SDR.
E0295,F361,Transition,barrier,"The co-leading ministry has effectively one trained focal point who understands what a cluster is, no information management function, and no ministry of humanitarian action, so deactivation this year would leave no coordination in place.",,national,NER,gov-national;cluster,government-engagement;capacity;transition-handover,sdr,S085,2026-07-17,medium,public,draft,Extracted from GWC Transition SDR.
E0296,F362,Transition,context,"Years of advocacy produced a government emergency WASH cell with a small technical secretariat shadowing the cluster team, but it has no access to the intersectoral group, partners are hesitant to engage it directly, and its focus defaults to coordinating government activities and direct implementation.",,national,BFA,gov-national;cluster,government-engagement;capacity,sdr,S085,2026-07-17,medium,public,draft,Extracted from GWC Transition SDR.
E0297,F024,Transition,barrier,"District authorities take part but do not initiate coordination, and government emergency response guidance does not exist for WASH — the only technical guidance available is the cluster own.",,subnational,MOZ,gov-local;cluster,government-engagement;guidance,sdr,S085,2026-07-17,medium,public,draft,Extracted from GWC Transition SDR.
E0298,F364,Fundamentals,barrier,"Government leadership works until a ministry reshuffle moves the trained counterpart, after which the case for coordination has to be rebuilt from the beginning with officials who do not yet see its value.",,national,KEN,gov-national;cluster,government-engagement;staff-turnover;capacity,sdr,S083,2026-07-17,medium,public,draft,Extracted from GWC Transition SDR.
E0299,F364,Fundamentals,context,"Capacity is not a stock that transition builds once but a flow that staff rotation continuously drains, which is why institutional anchoring matters more than training individuals.",,global,,gov-national;cluster,capacity;staff-turnover;government-engagement,sdr,S102,2026-07-17,medium,public,draft,SDR-level synthesis. Not independent of the sources it synthesises.
E0300,F366,Transition,barrier,"Government is not willing to take over the response for certain population groups. Coordinators distinguished this from capacity, and transition planning currently offers no answer to it.",,national,LBN,gov-national;cluster,government-engagement;transition-handover;inclusion,sdr,S084,2026-07-17,high,public,draft,Extracted from GWC Transition SDR.
E0301,F367,Transition,barrier,"Transition to a ministry led to allocation decisions following political alignment and reduced transparency toward donors, and the sector had to be re-established around two years after handover.",,national,PSE,gov-national;donor;cluster,government-engagement;transition-handover,sdr,S083,2026-07-17,medium,public,draft,Extracted from GWC Transition SDR.
E0302,F368,Transition,barrier,"Where government is a party to the conflict, handing coordination to it would create access and acceptance problems with non-state armed actors that the current arrangement avoids.",,subnational,CMR,gov-national;un-agency,government-engagement;transition-handover,sdr,S084,2026-07-17,medium,public,draft,Extracted from GWC Transition SDR.
E0303,F369,Transition,barrier,"An eventual government lead is structurally difficult for inter-agency coordination to accommodate, including access to the intersectoral group and constraints on information sharing.",,national,SYR,gov-national;ocha,government-engagement;transition-handover;data-protection,sdr,S085,2026-07-17,medium,public,draft,Extracted from GWC Transition SDR.
E0304,F370,Transition,enabler,"Ministries declined to engage in transition until a directive came from the head of government, secured through engagement at humanitarian coordinator level.",,national,IRQ,gov-national;ocha,government-engagement;advocacy;transition-handover,sdr,S084,2026-07-17,medium,public,draft,Extracted from GWC Transition SDR.
E0305,F371,Transition,barrier,Transferring services directly to state authorities can expose groups with perceived political or ethnic affiliations.,,global,,gov-national;community,government-engagement;inclusion;transition-handover,sdr,S070,2026-07-17,high,public,draft,Extracted from GWC Transition SDR.
E0306,F372,Transition,barrier,"Government directives on camp closure forced premature returns, and state documentation and assistance frameworks excluded families with perceived affiliations.",,national,IRQ,gov-national;community,government-engagement;inclusion,sdr,S071,2026-07-17,medium,public,draft,Extracted from GWC Transition SDR.
E0307,F372,Transition,barrier,"Government directives on camp closure forced premature returns, and state documentation and assistance frameworks excluded families with perceived affiliations.",,national,IRQ,gov-national;community,government-engagement;inclusion,sdr,S072,2026-07-17,medium,public,draft,Extracted from GWC Transition SDR.
E0308,F373,Transition,enabler,"The transition endpoint cannot be assumed to be government. Depending on context it may be a national institution with durable funding and a formal civil protection role, a development coordination pathway, continued sectoral leadership by the lead agency — or an honest conclusion that no transition is currently viable.",,global,,gov-national;development;un-agency,transition-handover;government-engagement;nexus,sdr,S083,2026-07-17,high,public,draft,Extracted from GWC Transition SDR.
E0309,F374,Transition,context,"A transition that proceeds without a viable, neutral and willing counterpart does not transfer coordination but dissolves it, and the system pays a second time when reactivation becomes necessary.",,national,PSE,cluster;gov-national,transition-handover;government-engagement,sdr,S083,2026-07-17,medium,public,draft,Extracted from GWC Transition SDR.
E0310,F375,Transition,enabler,The transition was anchored by a formal durable solutions coordination structure.,,national,IRQ,cluster;gov-national,transition-handover;coordination-architecture,sdr,S052,2026-07-17,medium,public,draft,Extracted from GWC Transition SDR.
E0311,F376,Transition,enabler,The coordination mandate was embedded in government through a dedicated durable solutions secretariat.,,national,SOM,gov-national,transition-handover;government-engagement,sdr,S060,2026-07-17,medium,public,draft,Extracted from GWC Transition SDR.
E0312,F377,ABC;Transition,practice,The subnational architecture was adapted through a multisectoral area-based arrangement.,,subnational,CMR,operational-cell;cluster,transition-handover;multisector,sdr,S061,2026-07-17,medium,public,draft,Extracted from GWC Transition SDR.
E0313,F378,Transition,enabler,"The successor working group had a written terms of reference, clearly identified participants including the line ministry and development banks, and alignment with the development cooperation framework — basics coordinators credit for its survival.",,national,LBY,gov-national;development;cluster,transition-handover;coordination-architecture;nexus,sdr,S084,2026-07-17,high,public,draft,Extracted from GWC Transition SDR.
E0314,F022,Transition,practice,"A development-oriented WASH coordination platform carried a standing humanitarian agenda item, allowing humanitarian briefing to continue inside a development structure.",,national,LBY,development;cluster,nexus;transition-handover,sdr,S084,2026-07-17,medium,public,draft,Extracted from GWC Transition SDR.
E0315,F386,Transition,enabler,The successor working group was paired with leadership continuity: the NGO co-lead maintained a full-time national co-coordinator after the international coordinator departed.,,national,IRQ,local-ngo;cluster,transition-handover;localisation;capacity,sdr,S084,2026-07-17,high,public,draft,Extracted from GWC Transition SDR.
E0316,F381,Transition,recommendation,Avoid creating additional structures — integrate the early recovery agenda within existing sectoral coordination.,,national,SYR,cluster;development,transition-handover;coordination-architecture,sdr,S085,2026-07-17,medium,public,draft,Extracted from GWC Transition SDR.
E0317,F382,Transition,enabler,"Transition is better understood as building a partnership than as closing a structure, which includes naming and scoping the successor platform around what government actually wants to coordinate.",,national,IRQ,gov-national;cluster,transition-handover;government-engagement,sdr,S085,2026-07-17,high,public,draft,Extracted from GWC Transition SDR.
E0318,F383,Transition,enabler,International organisations shifted to supporting existing local leadership rather than maintaining parallel systems.,,national,IDN,ingo;local-ngo,localisation;transition-handover,sdr,S056,2026-07-17,medium,public,draft,Extracted from GWC Transition SDR.
E0319,F384,Transition,practice,Locally anchored coordination arrangements were explored as part of the transition design.,,subnational,CMR,local-ngo;cluster,localisation,sdr,S061,2026-07-17,medium,public,draft,Extracted from GWC Transition SDR.
E0320,F385,Transition,barrier,"Where local coordination forums are lost during transition, rebuilding those networks is slow and incomplete.",,national,IRQ,local-ngo;cluster,localisation;transition-handover,sdr,S052,2026-07-17,medium,public,draft,Extracted from GWC Transition SDR.
E0321,F386,Transition,enabler,"A bilingual national co-coordinator, institutionally anchored in the NGO co-lead, carried the process for a year after the international coordinator left.",,national,IRQ,local-ngo;cluster,localisation;capacity;transition-handover,sdr,S084,2026-07-17,high,public,draft,Extracted from GWC Transition SDR.
E0322,F387,Transition,enabler,"Embedding coordination capacity directly in the ministry worked because the request came from government: the responsible cabinet secretary asked for an embedded coordination support position, recruited through third-party contracting.",,national,KEN,gov-national;cluster,government-engagement;capacity;localisation,sdr,S083,2026-07-17,high,public,draft,Extracted from GWC Transition SDR.
E0323,F388,Transition,enabler,Formally appointing local NGOs as co-chairs of coordination forums measurably increases wider local participation.,,global,,local-ngo;cluster,localisation;partnerships,sdr,S073,2026-07-17,high,public,draft,Extracted from GWC Transition SDR.
E0324,F387,Transition,enabler,Embedding international staff within regional and local government structures builds capacity while avoiding costly parallel sub-offices.,,global,,gov-local;ingo,government-engagement;capacity;localisation,sdr,S077,2026-07-17,medium,public,draft,Extracted from GWC Transition SDR.
E0325,F362,Transition,context,"Government-funded coordination positions were established as a precondition, which exposed the harder problem of holding embedded staff accountable to coordination terms of reference inside a government hierarchy.",,national,KEN,gov-national;cluster,government-engagement;capacity;performance,sdr,S084,2026-07-17,medium,public,draft,Extracted from GWC Transition SDR.
E0326,F391,Transition,enabler,Institutional memory was preserved by archiving cluster files and maintaining continuous online access to them.,,national,IRQ,cluster,information-management;transition-handover,sdr,S052,2026-07-17,high,public,draft,Extracted from GWC Transition SDR.
E0327,F391,Transition,enabler,Institutional memory was preserved by archiving cluster files and maintaining continuous online access to them.,,national,IRQ,cluster,information-management;transition-handover,sdr,S054,2026-07-17,high,public,draft,Extracted from GWC Transition SDR.
E0328,F392,Transition,enabler,"A centralised, government-owned aid information management system was established.",,national,SOM,gov-national,information-management;government-engagement,sdr,S060,2026-07-17,medium,public,draft,Extracted from GWC Transition SDR.
E0329,F393,Transition,practice,Integrating information management functions into national systems was prioritised in the transition plan.,,national,CMR,gov-national;cluster,information-management;government-engagement;transition-handover,sdr,S061,2026-07-17,medium,public,draft,Extracted from GWC Transition SDR.
E0330,F394,Transition,enabler,"Master lists of WASH facilities and infrastructure asset inventories, built jointly so they remain useful to government after transition, are best started at the beginning of a response rather than at its end.",,national,PSE,gov-national;cluster,information-management;government-engagement;transition-handover,sdr,S083,2026-07-17,high,public,draft,Extracted from GWC Transition SDR.
E0331,F395,Transition,recommendation,"Cluster products should be backup-archived at global level, beyond the reach of a country-level deactivation, so technical decisions do not have to be reconstructed if coordination restarts.",,global,LBY,cluster;un-agency,information-management;transition-handover,sdr,S083,2026-07-17,high,public,draft,Extracted from GWC Transition SDR.
E0332,F395,Transition,recommendation,"Cluster products should be backup-archived at global level, beyond the reach of a country-level deactivation, so technical decisions do not have to be reconstructed if coordination restarts.",,global,LBY,cluster;un-agency,information-management;transition-handover,sdr,S084,2026-07-17,high,public,draft,Extracted from GWC Transition SDR.
E0333,F396,Transition,enabler,Continued technical accompaniment provides a necessary safety net for newly established successor mechanisms.,,global,,cluster;gov-national,transition-handover;capacity,sdr,S056,2026-07-17,high,public,draft,Extracted from GWC Transition SDR.
E0334,F397,Transition,practice,"Transition planning mandated retention of residual functions — quality assurance, technical standards and risk analysis — alongside a proposed six-month post-handover mentoring phase.",,national,CMR,cluster;gov-national,transition-handover;performance,sdr,S055,2026-07-17,medium,public,draft,Extracted from GWC Transition SDR.
E0335,F397,Transition,practice,"Transition planning mandated retention of residual functions — quality assurance, technical standards and risk analysis — alongside a proposed six-month post-handover mentoring phase.",,national,CMR,cluster;gov-national,transition-handover;performance,sdr,S066,2026-07-17,medium,public,draft,Extracted from GWC Transition SDR.
E0336,F396,Transition,practice,"A twelve-month advisory position was opened to help all sectors work through transition, and transition advisers are being considered for deployment to selected settings.",,national,ETH,un-agency;cluster,transition-handover;capacity,sdr,S083,2026-07-17,medium,public,draft,Extracted from GWC Transition SDR.
E0337,F399,Transition,enabler,A two-year seconded position was financed through development programme funds to accompany the successor structure.,,national,IRQ,development;cluster,transition-handover;nexus;funding,sdr,S083,2026-07-17,high,public,draft,Extracted from GWC Transition SDR.
E0338,F119,Transition,practice,"A support package for transitioning countries includes a transition chapter in the coordination toolkit, training for coordination teams, customisable in-country training for the authorities who will coordinate after deactivation, a helpdesk with in-country support, and standby partner deployments.",,global,,cluster;gov-national,transition-handover;capacity;peer-learning,sdr,S084,2026-07-17,medium,public,draft,Extracted from GWC Transition SDR.
E0339,F396,Transition,enabler,"Dedicated external surge teams managing complex handovers to government entities, and direct mentoring of national cluster co-facilitators, are documented enablers of sustainable handover.",,global,,cluster;local-ngo,transition-handover;capacity;localisation,sdr,S079,2026-07-17,high,public,draft,Extracted from GWC Transition SDR.
E0340,F402,Transition,recommendation,"A community of practice connecting coordinators currently in transition would carry learning between countries, given how similar the questions are.",,global,,cluster,peer-learning;transition-handover,sdr,S084,2026-07-17,medium,public,draft,Extracted from GWC Transition SDR.
E0341,F1700,Transition,context,"Coordination platforms cycle rather than end: one has moved between government leadership, national society leadership and reactivation through a flash appeal; another restarted two years after deactivation for a major flood; a third was re-established after collapse.",,global,KEN;LBY;PSE,cluster;gov-national,transition-handover;capacity,sdr,S083,2026-07-17,high,public,draft,Extracted from GWC Transition SDR.
E0342,F1700,Transition,context,"Coordination platforms cycle rather than end: one has moved between government leadership, national society leadership and reactivation through a flash appeal; another restarted two years after deactivation for a major flood; a third was re-established after collapse.",,global,KEN;LBY;PSE,cluster;gov-national,transition-handover;capacity,sdr,S084,2026-07-17,high,public,draft,Extracted from GWC Transition SDR.
E0343,F119,Transition,recommendation,"Embed coordination explicitly in emergency preparedness plans, including digital preparedness platforms, so that preparedness reviews automatically ask who convenes and who does information management in the next emergency.",,global,,cluster;un-agency,transition-handover;capacity;information-management,sdr,S083,2026-07-17,medium,public,draft,Extracted from GWC Transition SDR.
E0344,F119,Transition,recommendation,"Run annual preparedness refreshers with transitioned countries — contact lists, and awareness of global surge options — so the system stays reactivatable.",,global,,cluster;gov-national,transition-handover;capacity;peer-learning,sdr,S083,2026-07-17,medium,public,draft,Extracted from GWC Transition SDR.
E0345,F406,Transition,recommendation,Use quarterly horizon scans as the trigger for proactive outreach to transitioned countries at risk of a new emergency.,,global,,cluster,transition-handover;performance,sdr,S083,2026-07-17,medium,public,draft,Extracted from GWC Transition SDR.
E0346,F387,Transition,enabler,Preparedness capacity building is well received by governments and works as an entry point for sustaining engagement with successor structures.,,global,,gov-national;cluster,government-engagement;capacity;transition-handover,sdr,S084,2026-07-17,medium,public,draft,Extracted from GWC Transition SDR.
E0347,F408,Transition,enabler,"Localised contingency planning, physical stockpiling and regular training enable faster and more effective emergency response.",,global,,local-ngo;gov-local,capacity;localisation,sdr,S078,2026-07-17,high,public,draft,Extracted from GWC Transition SDR.
E0348,F387,Transition,enabler,"A government emergency response committee structure, well defined nationally for floods, cyclones and cholera, is replicable at district level and can carry WASH coordination readiness inside government systems.",,subnational,MOZ,gov-national;gov-local,government-engagement;capacity,sdr,S085,2026-07-17,high,public,draft,Extracted from GWC Transition SDR.
E0349,F119,Transition,recommendation,Post-transition preparedness obligations sit with the cluster lead agency as much as with government: sectoral emergency readiness accountability remains even where no cluster exists.,,global,,un-agency;gov-national,transition-handover;capacity,sdr,S083,2026-07-17,medium,public,draft,Extracted from GWC Transition SDR.
E0350,F411,Transition,context,"Transition creates WASH-specific risks distinct from general coordination fragmentation: maintaining water systems where technical capacity sits with cluster-supported partners, supply chain continuity for treatment and hygiene items, and the provider of last resort function for cholera response.",,global,,cluster;un-agency,transition-handover;sustainability,sdr,S102,2026-07-17,medium,public,draft,SDR-level synthesis. Not independent of the sources it synthesises.
E0351,F412,Transition,enabler,Replacing emergency water trucking with solarised piped systems cut water supply costs from 11.38 to 0.93 US dollars per cubic metre — the kind of investment that makes service continuity financially viable after transition.,,subnational,ETH,development;gov-local,sustainability;funding;transition-handover,sdr,S063,2026-07-17,high,public,draft,Extracted from GWC Transition SDR.
E0352,F413,Transition,barrier,"Currency collapse left water establishments unable to fund basic operations even after internationally financed repairs, showing that continuity depends on the counterpart financial viability and not only on infrastructure.",,national,LBN,gov-national;development,sustainability;funding,sdr,S074,2026-07-17,medium,public,draft,Extracted from GWC Transition SDR.
E0353,F414,ABC;Transition,context,Area-based coordination is a coordination configuration rather than a transition endpoint; transferring cluster functions to area structures without preserved technical custody reproduces the risks documented in both reviews.,,global,,operational-cell;cluster,transition-handover;coordination-architecture;performance,sdr,S083,2026-07-17,high,public,draft,Extracted from GWC Transition SDR.
E0354,F415,Transition,barrier,"Humanitarian actors remain within short-term funding cycles while development actors hold the long-term funding, which is the structural mismatch behind most failed handovers.",,global,,donor;development,nexus;funding;transition-handover,sdr,S080,2026-07-17,high,public,draft,Extracted from GWC Transition SDR.
E0355,F416,Transition,barrier,Recovery financing can remain blocked for years where political deadlock stalls reform agendas.,,national,LBN,development;gov-national,funding;nexus,sdr,S075,2026-07-17,medium,public,draft,Extracted from GWC Transition SDR.
E0356,F417,Transition,recommendation,"Use leverage at capital level for development bank financing, and treat host-community programming as the bridge portfolio between humanitarian and development funding.",,national,BGD,development;cluster,nexus;funding,sdr,S084,2026-07-17,medium,public,draft,Extracted from GWC Transition SDR.
E0357,F417,Transition,recommendation,"Use leverage at capital level for development bank financing, and treat host-community programming as the bridge portfolio between humanitarian and development funding.",,national,BGD,development;cluster,nexus;funding,sdr,S085,2026-07-17,medium,public,draft,Extracted from GWC Transition SDR.
E0358,F418,Transition,recommendation,"Six functions should be explicitly assigned and resourced after deactivation: technical standards custody, analysis and prioritisation, information management, partner mapping, risk analysis and preparedness, and provider of last resort.",,global,,cluster;gov-national,transition-handover;performance;information-management,sdr,S055,2026-07-17,high,public,draft,Extracted from GWC Transition SDR.
E0359,F418,Transition,recommendation,"Six functions should be explicitly assigned and resourced after deactivation: technical standards custody, analysis and prioritisation, information management, partner mapping, risk analysis and preparedness, and provider of last resort.",,global,,cluster;gov-national,transition-handover;performance;information-management,sdr,S083,2026-07-17,high,public,draft,Extracted from GWC Transition SDR.
E0360,F418,Transition,recommendation,"Six functions should be explicitly assigned and resourced after deactivation: technical standards custody, analysis and prioritisation, information management, partner mapping, risk analysis and preparedness, and provider of last resort.",,global,,cluster;gov-national,transition-handover;performance;information-management,sdr,S084,2026-07-17,high,public,draft,Extracted from GWC Transition SDR.
E0361,F419,ABC;Transition,barrier,Area-based coordination can increase operational fragmentation when functional links to national systems and sectoral coordination remain weak.,,global,,operational-cell;cluster,coordination-architecture;transition-handover,sdr,S052,2026-07-17,high,public,draft,Extracted from GWC Transition SDR.
E0362,F419,ABC;Transition,barrier,Area-based coordination can increase operational fragmentation when functional links to national systems and sectoral coordination remain weak.,,global,,operational-cell;cluster,coordination-architecture;transition-handover,sdr,S055,2026-07-17,high,public,draft,Extracted from GWC Transition SDR.
E0363,F419,ABC;Transition,barrier,Area-based coordination can increase operational fragmentation when functional links to national systems and sectoral coordination remain weak.,,global,,operational-cell;cluster,coordination-architecture;transition-handover,sdr,S058,2026-07-17,high,public,draft,Extracted from GWC Transition SDR.
E0364,F419,ABC;Transition,barrier,Area-based coordination can increase operational fragmentation when functional links to national systems and sectoral coordination remain weak.,,global,,operational-cell;cluster,coordination-architecture;transition-handover,sdr,S061,2026-07-17,high,public,draft,Extracted from GWC Transition SDR.
E0365,F420,Transition,barrier,"Deactivating clusters while response plan objectives remain active creates operational gaps unless funding, partner presence and successor arrangements are adjusted at the same time.",,global,,cluster;ocha,transition-handover;hpc,sdr,S102,2026-07-17,medium,public,draft,SDR-level synthesis. Not independent of the sources it synthesises.
E0366,F421,Transition,recommendation,"Design successor architectures with written mandates, named participants and formalised links to national and development frameworks before deactivation.",,global,,cluster;gov-national,transition-handover;coordination-architecture,sdr,S102,2026-07-17,medium,public,draft,"Underpinning evidence, Section 5 of the Transition SDR. Grounded in the S1-S31 evidence base."
E0367,F422,Transition,recommendation,"Begin transition planning at response onset, with criteria agreed before plans are drafted and timelines that assume slippage.",,global,,cluster;ocha,transition-handover;guidance,sdr,S102,2026-07-17,medium,public,draft,"Underpinning evidence, Section 5 of the Transition SDR. Grounded in the S1-S31 evidence base."
E0368,F423,Transition,recommendation,Decouple deactivation decisions from funding exhaustion and secure development financing for coordination continuity.,,global,,donor;development;ocha,transition-handover;funding;nexus,sdr,S102,2026-07-17,medium,public,draft,"Underpinning evidence, Section 5 of the Transition SDR. Grounded in the S1-S31 evidence base."
E0369,F424,Transition,recommendation,"Treat information management as core infrastructure with its own transition strategy, named custodians and archives.",,global,,cluster,information-management;transition-handover,sdr,S102,2026-07-17,medium,public,draft,"Underpinning evidence, Section 5 of the Transition SDR. Grounded in the S1-S31 evidence base."
E0370,F425,Transition,recommendation,"Convert localisation commitments into authority, funding access and usable tools for local actors.",,global,,local-ngo;donor,localisation;funding,sdr,S102,2026-07-17,medium,public,draft,"Underpinning evidence, Section 5 of the Transition SDR. Grounded in the S1-S31 evidence base."
E0371,F426,Transition,recommendation,"Assess and build capacity at national and subnational level before handover, anchored institutionally rather than in individuals.",,global,,gov-national;gov-local,capacity;government-engagement,sdr,S102,2026-07-17,medium,public,draft,"Underpinning evidence, Section 5 of the Transition SDR. Grounded in the S1-S31 evidence base."
E0372,F427,Transition,recommendation,"Retain technical standards custody, analysis, partner mapping, risk analysis and provider of last resort in explicit successor arrangements.",,global,,cluster;gov-national,transition-handover;performance,sdr,S102,2026-07-17,medium,public,draft,"Underpinning evidence, Section 5 of the Transition SDR. Grounded in the S1-S31 evidence base."
E0373,F428,Transition,context,The gap between the pace of formal deactivation and the pace of operational readiness is the core driver of transition difficulty across contexts.,,global,,cluster;ocha,transition-handover,sdr,S102,2026-07-17,medium,public,draft,SDR-level synthesis. Not independent of the sources it synthesises.
E0374,F429,Transition,context,"Successful WASH transition cases remain far less documented than failures, which biases the available evidence base toward what goes wrong.",,global,,cluster,transition-handover;performance,sdr,S102,2026-07-17,medium,public,draft,SDR-level synthesis. Not independent of the sources it synthesises.
E0375,F364,Fundamentals,barrier,"The entire counterpart team at the lead ministry changed within one year, including at senior level, leaving nobody the cluster had previously worked with; meetings to rebuild the relationship did not take place and the transition dialogue stalled.",,national,COL,gov-national;cluster,staff-turnover;government-engagement;transition-handover,transcript,S103,2026-08-03,high,public,draft,Extracted from Colombia country consultation (Spanish).
E0376,F028,Fundamentals,barrier,"The cluster has had no dedicated information management post this year, having previously been supported both by the refugee coordination platform and directly by the lead agency, and now relies on intermittent consortium and consultancy support.",,national,COL,cluster;un-agency,capacity;information-management;funding,transcript,S103,2026-08-03,high,public,draft,Extracted from Colombia country consultation (Spanish).
E0377,F015,ABC,barrier,"Clusters had limited involvement in the first pooled fund allocation, and the indicator list issued to partners diverged from the indicators agreed in the sector operational framework.",,national,COL,cluster;ocha;donor,pooled-funds;funding;performance,transcript,S103,2026-08-03,high,public,draft,Extracted from Colombia country consultation (Spanish).
E0378,F320,Transition,practice,"An inventory of the information assets the cluster holds was compiled as part of transition planning, so that products can be summarised and taken on by government entities.",,national,COL,cluster;gov-national,information-management;transition-handover,transcript,S103,2026-08-03,high,public,draft,Extracted from Colombia country consultation (Spanish).
E0379,F346,Transition,practice,"A costed transfer plan was prepared with a risk analysis and an inventory of information resources, to be validated by the humanitarian coordinator, and deliberately framed as a transition rather than a deactivation.",,national,COL,cluster;ocha,transition-handover;performance,transcript,S103,2026-08-03,high,public,draft,Extracted from Colombia country consultation (Spanish).
E0380,F500,Transition,enabler,"Transition preparation began with a documentation exercise reconstructing how the cluster was formed and how earlier transitions went, combined with a partner survey on expectations and recommendations.",,national,COL,cluster;ingo;local-ngo,transition-handover;information-management,transcript,S103,2026-08-03,high,public,draft,Extracted from Colombia country consultation (Spanish).
E0381,F501,Transition,enabler,"When the regulatory water ministry proved not to be operational during emergencies, the cluster shifted its transition counterpart to the health ministry, which works directly with municipalities on water quality, vector control, sanitation and hygiene.",,national,COL,gov-national;cluster,government-engagement;transition-handover,transcript,S103,2026-08-03,high,public,draft,Extracted from Colombia country consultation (Spanish).
E0382,F502,Transition,practice,"The proposed successor is a specialised technical roundtable inside an existing inter-institutional environmental health commission, which already brings together the water ministry, the health ministry and national research institutes, serving as both an operational and an advisory body.",,national,COL,gov-national;cluster,transition-handover;government-engagement;coordination-architecture,transcript,S103,2026-08-03,high,public,draft,Extracted from Colombia country consultation (Spanish).
E0383,F503,Transition,barrier,"A change of national government froze transition dialogues, with the incoming administration signalling a reduction in the number of government entities and its position on humanitarian cooperation not yet known.",,national,COL,gov-national;cluster,government-engagement;transition-handover,transcript,S103,2026-08-03,high,public,draft,Extracted from Colombia country consultation (Spanish).
E0384,F504,Transition,context,"The cluster set three explicit conditions for its position that it should transition rather than deactivate: humanitarian needs have worsened rather than improved, government capacity that is strong nationally is not matched at territorial level where recurrent emergencies overwhelm resources, and needs persist.",,national,COL,cluster;gov-national,transition-handover;performance;government-engagement,transcript,S103,2026-08-03,high,public,draft,Extracted from Colombia country consultation (Spanish).
E0385,F505,Transition,context,"The separate refugee and migrant response plan is being discontinued and merged into a single response plan, with refugees and migrants included only where they intend to remain, and no regional refugee plan will follow.",,national,COL,ocha;cluster;un-agency,hpc;coordination-architecture,transcript,S103,2026-08-03,high,public,draft,Extracted from Colombia country consultation (Spanish).
E0386,F506,Transition,barrier,"A short implementation window of four to six months led almost all partners to prioritise distribution of critical supplies over rehabilitation or system improvement, because longer works were not feasible in the time available.",,national,COL,ingo;un-agency;donor,funding;sustainability;pooled-funds,transcript,S103,2026-08-03,high,public,draft,Extracted from Colombia country consultation (Spanish).
E0387,F507,Transition,enabler,A twelve-month implementation window in the next funding round is expected to allow more integrated work and sustained presence rather than rapid distribution.,,national,COL,donor;cluster,funding;sustainability,transcript,S103,2026-08-03,high,public,draft,Extracted from Colombia country consultation (Spanish).
E0388,F508,ABC,enabler,"Clusters were consulted in the second allocation round, asked to submit a matrix recommending municipalities together with substantive observations, after having raised the omission from the first round.",,national,COL,ocha;cluster,pooled-funds;advocacy,transcript,S103,2026-08-03,high,public,draft,Extracted from Colombia country consultation (Spanish).
E0389,F509,Transition,recommendation,"Life-saving criteria should extend beyond supply distribution to include contributions to protective environments — water and sanitation in schools, shelters and temporary accommodation — so that funded actions are intersectoral rather than dispersed.",,national,COL,cluster;donor;ocha,multisector;pooled-funds;advocacy,transcript,S103,2026-08-03,high,public,draft,Extracted from Colombia country consultation (Spanish).
E0390,F510,Transition,practice,"The cluster recommended including municipalities at the second-highest severity level where armed conflict had recently intensified or where gaps in child health and preventable mortality persisted, rather than restricting allocations to the highest severity band alone.",,national,COL,cluster;ocha,geographic-targeting;pooled-funds,transcript,S103,2026-08-03,high,public,draft,Extracted from Colombia country consultation (Spanish).
E0391,F511,Transition,barrier,"Rapid entries into and exits from communities, driven by the need to reach the highest-severity municipalities within a short window, carry a risk of unintended harm — a point the cluster raised with the donor.",,national,COL,ingo;community;donor,aap;pooled-funds,transcript,S103,2026-08-03,high,public,draft,Extracted from Colombia country consultation (Spanish).
E0392,F512,Transition,barrier,"Partners reported instances of infant formula being distributed without complementary water and sanitation activities, which reduces the benefit of the nutrition intervention and can introduce health risk.",,national,COL,un-agency;ingo,multisector;aap,transcript,S103,2026-08-03,high,public,draft,Extracted from Colombia country consultation (Spanish).
E0393,F513,Transition,context,"Armed group control of territory confines communities and restricts movement, cutting access to rivers and water sources and forcing reliance on unsafe storage, with documented increases in infectious disease; indigenous and Afro-descendant communities in the Pacific region are the most affected.",,subnational,COL,community;local-ngo,inclusion;geographic-targeting,transcript,S103,2026-08-03,high,public,draft,Extracted from Colombia country consultation (Spanish).
E0394,F514,Transition,context,"The main humanitarian donor for the sector prioritises protection, health and education, funding very little WASH directly and concentrating instead on intersectoral coordination and information.",,national,COL,donor;cluster,funding,transcript,S103,2026-08-03,high,public,draft,Extracted from Colombia country consultation (Spanish).
E0395,F515,Transition,context,"Multi-sector needs assessment has not been run for around three years because the country has substantial official data, and the sector calculation does not rely on it.",,national,COL,cluster;ocha,hpc;information-management,transcript,S103,2026-08-03,high,public,draft,Extracted from Colombia country consultation (Spanish).
E0396,F225,Fundamentals,barrier,"The cluster must now produce the refugee and migrant disaggregation itself, a function previously carried by the separate refugee coordination platform, without additional capacity.",,national,COL,cluster;un-agency,hpc;capacity;information-management,transcript,S103,2026-08-03,high,public,draft,Extracted from Colombia country consultation (Spanish).
E0397,F517,Transition,barrier,Data needed to estimate refugee and migrant needs sits in a national government social registry that the cluster has found difficult to obtain access to.,,national,COL,gov-national;cluster,information-management;government-engagement,transcript,S103,2026-08-03,high,public,draft,Extracted from Colombia country consultation (Spanish).
E0398,F518,Transition,enabler,"The cluster documents its severity and needs methodology and publishes it openly alongside the results, so the basis of the calculation is available to anyone who questions it.",,national,COL,cluster,information-management;performance;hpc,transcript,S103,2026-08-03,high,public,draft,Extracted from Colombia country consultation (Spanish).
E0399,F519,Transition,context,"A partner agency challenged the sector needs methodology across several clusters as reflecting poverty rather than humanitarian need; the cluster defended it on the basis that it combines conflict exposure, disaster incidence and public health indicators alongside service coverage.",,national,COL,un-agency;cluster,hpc;performance,transcript,S103,2026-08-03,high,public,draft,Extracted from Colombia country consultation (Spanish).
E0400,F520,Transition,enabler,"Strong working relationships with the protection and shelter clusters allow WASH to be positioned as an enabling sector for others, which matters where the crisis is characterised primarily as a protection crisis.",,national,COL,cluster;ingo,partnerships;multisector,transcript,S103,2026-08-03,high,public,draft,Extracted from Colombia country consultation (Spanish).
E0401,F521,Transition,barrier,"Temporary accommodation is set up quickly under national disaster arrangements, and gender and child-specific considerations, along with shelter and WASH standards, are not always applied consistently.",,subnational,COL,gov-national;cluster,inclusion;government-engagement,transcript,S103,2026-08-03,high,public,draft,Extracted from Colombia country consultation (Spanish).
E0402,F522,Transition,context,"Gender and sexual and reproductive health areas of responsibility have been heavily defunded, and education was excluded from both allocation rounds on the grounds that its activities are not life-saving.",,national,COL,donor;ocha,funding;inclusion;multisector,transcript,S103,2026-08-03,high,public,draft,Extracted from Colombia country consultation (Spanish).
E0403,F523,Transition,recommendation,"Where a technical study would document vulnerability publicly, its timing should be agreed with the incoming government first, since publishing during a change of administration can undermine the transition relationship it is meant to support.",,national,COL,gov-national;cluster,government-engagement;advocacy;transition-handover,transcript,S103,2026-08-03,high,public,draft,Extracted from Colombia country consultation (Spanish).
E0404,F225,Fundamentals,barrier,"All eighteen state cluster coordinator posts are filled by double-hatting staff, in several cases alongside an NGO co-coordinator, so subnational coordination runs entirely on borrowed capacity.",,subnational,SDN,cluster;ingo,capacity;coordination-architecture,transcript,S104,2026-07-27,high,public,draft,Extracted from Sudan country consultation.
E0405,F019,Fundamentals,barrier,"The second coordination post is a temporary appointment unlikely to survive the current budget review, leaving no certainty that two coordination positions exist next year.",,national,SDN,un-agency;cluster,funding;capacity;staff-turnover,transcript,S104,2026-07-27,high,public,draft,Extracted from Sudan country consultation.
E0406,F386,Transition,enabler,"A national co-coordinator drawn from a Sudanese NGO supports the team, and a second is planned, both to ease workload and to give local NGOs a national counterpart they can approach directly.",,national,SDN,local-ngo;cluster,localisation;capacity;partnerships,transcript,S104,2026-07-27,high,public,draft,Extracted from Sudan country consultation.
E0407,F053,ABC;Transition,barrier,"Vulnerability analysis presented previously was not taken up by partners: the framework was not widely understood, and what it prioritised did not always match what partners observed in the field.",,national,SDN,cluster;un-agency,information-management;hpc,transcript,S104,2026-07-27,high,public,draft,Extracted from Sudan country consultation.
E0408,F214,ABC,barrier,"A new central planning and reporting platform is being introduced alongside the cluster's existing reporting system, which would leave partners entering the same activity in both.",,national,SDN,ocha;cluster;ingo,information-management;coordination-architecture;hpc,transcript,S104,2026-07-27,high,public,draft,Extracted from Sudan country consultation.
E0409,F600,ABC;Transition,enabler,"State-level expert judgement is built into the severity and needs analysis alongside the survey results, because data quality and the pace of change make survey data alone unreliable and the eighteen state coordination platforms hold genuine field knowledge.",,subnational,SDN,cluster;local-ngo,hpc;information-management;localisation,transcript,S104,2026-07-27,high,public,draft,Extracted from Sudan country consultation.
E0410,F601,ABC;Transition,enabler,"Running the expert judgement exercise as a single process covering needs figures, vulnerability analysis and planning together engages state coordinators in the analysis rather than presenting them with a finished product.",,national,SDN,cluster;local-ngo,hpc;information-management,transcript,S104,2026-07-27,high,public,draft,Extracted from Sudan country consultation.
E0411,F602,Transition,practice,"An assessment of more than sixteen hundred water points, heading toward twenty-two hundred, was presented to a government-development water task force with an accompanying dashboard.",,national,SDN,gov-national;development;cluster,information-management;nexus;government-engagement,transcript,S104,2026-07-27,high,public,draft,Extracted from Sudan country consultation.
E0412,F603,Transition,enabler,"Facility and asset mapping is among the most effective bridges to development actors, because it produces something they need and creates a shared table where sector coordination otherwise has none.",,national,SDN,development;gov-national;cluster,nexus;information-management;government-engagement,transcript,S104,2026-07-27,high,public,draft,Extracted from Sudan country consultation.
E0413,F028,Fundamentals,barrier,"Recruiting state-level information management support has stalled, with previous surge deployments and overall coordination staffing levels both weighing on the decision.",,subnational,SDN,un-agency;cluster,capacity;information-management,transcript,S104,2026-07-27,high,public,draft,Extracted from Sudan country consultation.
E0414,F028,Fundamentals,barrier,"The profile needed for state-level information management is hard to fill because the work is not a short emergency deployment: it connects to systems transitioning and to how the cluster will function in future, so it needs someone embedded, in-country and speaking the national language.",,national,SDN,cluster;local-ngo,capacity;localisation;transition-handover,transcript,S104,2026-07-27,high,public,draft,Extracted from Sudan country consultation.
E0415,F606,ABC,barrier,"A central reporting platform launched mid-year asks partners to upload projects retroactively from the start of the year, which is difficult alongside the reporting systems already in use.",,national,SDN,ocha;ingo;cluster,hpc;information-management,transcript,S104,2026-07-27,high,public,draft,Extracted from Sudan country consultation.
E0416,F607,ABC,barrier,"Replacing cluster reporting with a central system changes beneficiary counting, indicators and data flow at once, and raises a question about where responsibility for defining how sector results are measured should sit..",,national,SDN,ocha;cluster,information-management;performance;coordination-architecture,transcript,S104,2026-07-27,high,public,draft,Extracted from Sudan country consultation.
E0417,F608,ABC;Transition,barrier,"WASH beneficiary calculation is context-specific — a water yard serves a set number of people in one country and a different number elsewhere, and source types differ between contexts — so a single standardised reporting model risks misrepresenting what the sector delivered.",,global,,cluster;ocha,information-management;performance,transcript,S104,2026-07-27,high,public,draft,Extracted from Sudan country consultation.
E0418,F609,ABC;Transition,recommendation,"Where a cluster has a functioning reporting system, an interface bridging it to the central platform would avoid partners reporting twice while keeping the sector calculation with the people who understand it.",,global,,cluster;ocha,information-management;coordination-architecture,transcript,S104,2026-07-27,high,public,draft,Extracted from Sudan country consultation.
E0419,F251,ABC,enabler,"Having a cluster coordinator in every one of the eighteen states, which no other cluster has, gives the sector enough technical standing to push back when fragmented parallel structures are proposed.",,subnational,SDN,cluster,coordination-architecture;capacity,transcript,S104,2026-07-27,high,public,draft,Extracted from Sudan country consultation.
E0420,F611,ABC,barrier,"Some states moved to create a separate outbreak coordination platform with its own information management, which the cluster raised concerns about, given how many coordination structures are already in place.",,subnational,SDN,cluster;gov-local,coordination-architecture;information-management,transcript,S104,2026-07-27,high,public,draft,Extracted from Sudan country consultation.
E0421,F612,ABC,barrier,"Between sixty-five and seventy partners are registered nationally but more operate in practice, and state platforms carry their own partners who are not always connected to the national platform.",,national,SDN,cluster;ingo;local-ngo,coordination-architecture;information-management;partnerships,transcript,S104,2026-07-27,high,public,draft,Extracted from Sudan country consultation.
E0422,F613,ABC;Transition,barrier,"The most recent census predates the current crisis by close to a decade, so there is no reliable baseline against which needs can be measured.",,national,SDN,cluster;gov-national,information-management;hpc,transcript,S104,2026-07-27,high,public,draft,Extracted from Sudan country consultation.
E0423,F614,ABC;Transition,barrier,"Outbreak coordination cannot be run nationally because epidemiological information is too fragmented to arrive in time, so it has to be organised state by state — in practice coordinating eighteen separate outbreaks with their own data, partners and supply chains.",,subnational,SDN,cluster;gov-local,coordination-architecture;information-management;capacity,transcript,S104,2026-07-27,high,public,draft,Extracted from Sudan country consultation.
E0424,F026,ABC;Transition,practice,"A weekly outbreak coordination training for state coordinators is being delivered alongside development of the guidance and tools it teaches, tailored to the context but potentially reusable elsewhere.",,national,SDN,cluster;local-ngo,capacity;peer-learning,transcript,S104,2026-07-27,high,public,draft,Extracted from Sudan country consultation.
E0425,F616,ABC;Transition,barrier,"Rules on collecting location data differ between states, with coordinates permitted in some and prohibited in others, which constrains outbreak response planning.",,subnational,SDN,gov-local;cluster,data-protection;information-management,transcript,S104,2026-07-27,high,public,draft,Extracted from Sudan country consultation.
E0426,F617,ABC;Transition,context,"Water systems are repeatedly targeted in areas of active conflict, so service continuity is interrupted by attack as well as by funding or capacity.",,subnational,SDN,community;cluster,sustainability,transcript,S104,2026-07-27,high,public,draft,Extracted from Sudan country consultation.
E0427,F618,ABC,barrier,"The pooled fund prioritisation exercise required localities to be selected within forty-eight hours using a model the cluster had reservations about, on the understanding it could be refined later; in practice the initial selection has held for the year.",,national,SDN,ocha;cluster,pooled-funds;geographic-targeting;hpc,transcript,S104,2026-07-27,high,public,draft,Extracted from Sudan country consultation.
E0428,F619,ABC,barrier,"Applying geographic prioritisation to emergency supplies works against the objective where needs are dispersed: prepositioned stock needs to reach any pocket of need, and outbreaks are now occurring in localities that were not prioritised and cannot be supplied.",,national,SDN,ocha;cluster,pooled-funds;geographic-targeting,transcript,S104,2026-07-27,high,public,draft,Extracted from Sudan country consultation.
E0429,F620,ABC,context,"A written explanation of the cluster's concerns with the prioritisation methodology did not change the approach for that allocation; an after-action review is now underway, which offers a route to revisit it.",,national,SDN,ocha;cluster,pooled-funds;advocacy;performance,transcript,S104,2026-07-27,high,public,draft,Extracted from Sudan country consultation.
E0430,F621,ABC,barrier,"A single strategic outcome set at humanitarian coordinator level gives the allocation coherence, while leaving sector gaps that sit outside its scope still needing a funding route.",,national,SDN,ocha;cluster,pooled-funds;funding,transcript,S104,2026-07-27,high,public,draft,Extracted from Sudan country consultation.
E0431,F622,ABC;Transition,barrier,"The pooled fund grant management system offers outputs and indicators structured only around water, sanitation and hygiene, with no public health framing, which makes it difficult to frame an outbreak response within the reporting structure, and can direct otherwise appropriate activities to the wrong locations.",,global,,ocha;cluster,pooled-funds;performance;information-management,transcript,S104,2026-07-27,high,public,draft,Extracted from Sudan country consultation.
E0432,F623,ABC;Transition,recommendation,"Adding public health outcomes and indicators to pooled fund reporting structures would let outbreak response be planned and measured as transmission reduction rather than as separate water, sanitation and hygiene outputs.",,global,,ocha;cluster,pooled-funds;performance,transcript,S104,2026-07-27,high,public,draft,Extracted from Sudan country consultation.
E0433,F624,Transition,context,"Development and reconstruction finance from development banks is channelled through UN agencies because it cannot be given directly to government, creating a parallel and much larger funding stream alongside the humanitarian one.",,national,SDN,development;un-agency;gov-national,nexus;funding,transcript,S104,2026-07-27,high,public,draft,Extracted from Sudan country consultation.
E0434,F625,Transition,enabler,"After a survey exposed water supply gaps, a bilateral donor funded six semi-decentralised systems designed to exit water trucking, with a joint cluster concept note, a steering committee overseeing installation, and explicit decisions on operating costs and whether management would be community-based or utility-run.",,subnational,SDN,donor;un-agency;cluster;community,nexus;sustainability;funding;partnerships,transcript,S104,2026-07-27,high,public,draft,Extracted from Sudan country consultation.
E0435,F626,ABC;Transition,practice,"A six-month cluster report brings together response progress, coordination progress, financial status, the core supply pipeline, a facility assessment and partner case studies in a single product.",,national,SDN,cluster,performance;information-management,transcript,S104,2026-07-27,high,public,draft,Extracted from Sudan country consultation.
E0436,F031,ABC;Transition,practice,"A co-coordinating partner was selected through a published terms of reference, but a compliance concern paused the process, and the cluster is deciding whether to re-advertise or return to the original applicant list.",,national,NGA,ingo;local-ngo;cluster,partnerships;coordination-architecture;localisation,transcript,S105,2026-07-17,high,public,draft,Extracted from Nigeria country consultation.
E0437,F316,Transition,enabler,"An information management post was requested inside the line ministry so that government holds its own capacity, co-leads the function and helps define what the role covers ahead of the handover.",,national,NGA,gov-national;cluster,information-management;capacity;government-engagement,transcript,S105,2026-07-17,high,public,draft,Extracted from Nigeria country consultation.
E0438,F024,Transition,barrier,"The coordination link at local government level is not yet in place: departments and the state water agency need mentoring and coaching before they can carry coordination, even though national arrangements are agreed.",,subnational,NGA,gov-local;cluster,government-engagement;capacity;coordination-architecture,transcript,S105,2026-07-17,high,public,draft,Extracted from Nigeria country consultation.
E0439,F426,Transition,enabler,"Rather than assuming what ministry capacity gaps are, the cluster commissioned a capacity gap analysis first, on the basis that describing capacity as weak says nothing about what support would actually help.",,national,NGA,gov-national;cluster,capacity;government-engagement;transition-handover,transcript,S105,2026-07-17,high,public,draft,Extracted from Nigeria country consultation.
E0440,F026,ABC;Transition,recommendation,Connecting neighbouring countries facing the same cross-border outbreak through a shared space for materials and experience was proposed as a practical form of peer support.,,regional,,cluster,peer-learning;capacity,transcript,S105,2026-07-17,high,public,draft,Extracted from Nigeria country consultation.
E0441,F225,Fundamentals,barrier,"One information management officer covers both the WASH and education sectors, so information management for each is delivered at partial capacity.",,national,NGA,cluster;un-agency,capacity;information-management,transcript,S105,2026-07-17,high,public,draft,Extracted from Nigeria country consultation.
E0442,F700,Transition,practice,"Transition to government-led coordination began at the start of the year, with the line ministry taking the lead supported by an NGO co-coordinator, on a timetable running to the end of the following year.",,national,NGA,gov-national;ingo;cluster,transition-handover;government-engagement;coordination-architecture,transcript,S105,2026-07-17,high,public,draft,Extracted from Nigeria country consultation.
E0443,F241,Fundamentals,barrier,"Training of trainers for state facilitators and co-coordinators had to be delivered remotely rather than in person because of funding constraints, before a five-day session with state representatives.",,subnational,NGA,cluster;gov-local,capacity;funding,transcript,S105,2026-07-17,high,public,draft,Extracted from Nigeria country consultation.
E0444,F361,Transition,barrier,"Ministry staff nominated to lead coordination do not yet hold the skill sets the role needs, and a five-month deployment was arranged to build them.",,national,NGA,gov-national;un-agency,capacity;government-engagement;transition-handover,transcript,S105,2026-07-17,high,public,draft,Extracted from Nigeria country consultation.
E0445,F703,Transition,practice,"A state advisory group is to endorse the transition plan and provide continuing oversight, so that the arrangement is formalised within the ministry rather than resting on individual relationships.",,national,NGA,gov-national;cluster,transition-handover;government-engagement;performance,transcript,S105,2026-07-17,high,public,draft,Extracted from Nigeria country consultation.
E0446,F426,Transition,recommendation,"Ministry staff taking on coordination need training on emergency preparedness and response planning, contingency planning and aligned monitoring tools, not only on coordination mechanics.",,national,NGA,gov-national;cluster,capacity;government-engagement;transition-handover,transcript,S105,2026-07-17,high,public,draft,Extracted from Nigeria country consultation.
E0447,F705,ABC;Transition,enabler,"The multi-sector needs assessment is led by a national NGO, which has run the country assessment programme for several years in place of an international assessment partner.",,national,NGA,local-ngo;ocha,localisation;hpc;information-management,transcript,S105,2026-07-17,high,public,draft,Extracted from Nigeria country consultation.
E0448,F706,ABC;Transition,barrier,"No wider multi-sector needs assessment was conducted last year, so the response plan rested on secondary data analysis alone.",,national,NGA,cluster;ocha,hpc;information-management,transcript,S105,2026-07-17,high,public,draft,Extracted from Nigeria country consultation.
E0449,F707,ABC;Transition,context,"A large cholera outbreak is running concurrently with the transition, with cases declining in one urban area while rising in others, and the household-level response approach is not sufficient in the worst-affected locations.",,subnational,NGA,cluster;ingo,capacity,transcript,S105,2026-07-17,high,public,draft,Extracted from Nigeria country consultation.
E0450,F708,ABC;Transition,barrier,"The outbreak has a cross-border dimension with three neighbouring countries, and containment depends on coordination that no single country platform currently provides.",,regional,,cluster;gov-national,coordination-architecture;peer-learning,transcript,S105,2026-07-17,high,public,draft,Extracted from Nigeria country consultation.
E0451,F709,ABC;Transition,enabler,"The technical working group leading the outbreak response is chaired by an international NGO rather than the lead agency, with the sector spanning all partner agencies and the ministry.",,national,NGA,ingo;cluster;gov-national,partnerships;localisation;coordination-architecture,transcript,S105,2026-07-17,high,public,draft,Extracted from Nigeria country consultation.
E0452,F710,ABC;Transition,recommendation,"Technical support to an outbreak should be pitched at the whole sector rather than routed through the lead agency alone, so that all partners work from the same guidance, tools and training.",,global,,cluster;ingo;un-agency,partnerships;capacity;coordination-architecture,transcript,S105,2026-07-17,high,public,draft,Extracted from Nigeria country consultation.
E0453,F225,Fundamentals,context,"Coordination capacity during the transition is being provided through a standby partner deployment at no cost to the country office, which fills the gap but does not establish a funded post.",,national,NGA,un-agency;cluster,capacity;funding;transition-handover,transcript,S105,2026-07-17,high,public,draft,Extracted from Nigeria country consultation.
E0454,F364,Fundamentals,barrier,"Key informants for the needs analysis were departmental water and sanitation directors, but almost all had just been rotated into new posts when the questionnaire went out, so responses were difficult to use and the gap had to be filled by a cluster workshop.",,subnational,NER,gov-local;cluster,staff-turnover;government-engagement;hpc,transcript,S106,2026-07-13,high,public,draft,Extracted from Niger country consultation (French).
E0455,F319,Transition,enabler,"The statistics directorate of the line ministry asked to join the cluster mailing list this year in order to receive cluster information, the first time government has sought the data directly.",,national,NER,gov-national;cluster,information-management;government-engagement,transcript,S106,2026-07-13,high,public,draft,Extracted from Niger country consultation (French).
E0456,F214,ABC,barrier,"The cluster 5W sits on a platform built in-country and shared with other sectors; with a new central module also asking partners to report, it is unresolved whether partners should continue filling the cluster system, both, or neither.",,national,NER,cluster;ocha;ingo,information-management;coordination-architecture;hpc,transcript,S106,2026-07-13,high,public,draft,Extracted from Niger country consultation (French).
E0457,F045,ABC,context,"The cluster terms of reference were revised to cover current issues and a new thematic working group, but not area-based coordination, because the cluster was not approached about it.",,national,NER,cluster;ocha,guidance;coordination-architecture,transcript,S106,2026-07-13,high,public,draft,Extracted from Niger country consultation (French).
E0458,F708,ABC;Transition,context,"Gastroenteritis cases have been notified near the border with a neighbouring country where a large cholera outbreak is under way, and emergency preparations are being made with the zone offices.",,subnational,NER,cluster;gov-local,capacity,transcript,S106,2026-07-13,high,public,draft,Extracted from Niger country consultation (French).
E0459,F800,ABC,context,"Measured against a definition of area-based coordination operating at the smallest administrative unit, the country does not have it: a pilot covering four of two hundred and sixty-six communes was tried and did not continue beyond the pilot.",,national,NER,ocha;cluster,coordination-architecture;geographic-targeting,transcript,S106,2026-07-13,high,public,draft,Extracted from Niger country consultation (French).
E0460,F801,ABC,context,"Treated instead as regional structures, five functional coordination groups meet monthly and work for practically all sectors — so whether the country has area-based coordination depends entirely on which administrative level the definition refers to.",,subnational,NER,cluster;gov-local,coordination-architecture;guidance,transcript,S106,2026-07-13,high,public,draft,Extracted from Niger country consultation (French).
E0461,F802,Fundamentals,barrier,"An advocacy committee bringing together the cluster thematic sub-groups and members with advocacy expertise was recommended two years ago and has still not been established, because each year emergencies require the workplan to be reprioritised.",,national,NER,cluster,advocacy;capacity;performance,transcript,S106,2026-07-13,high,public,draft,Extracted from Niger country consultation (French).
E0462,F802,Fundamentals,barrier,"A change to the pooled fund project review process arrived with a day’s notice and required the committee to meet across the week and nominate members for an in-person session, displacing the cluster meeting and other planned work.",,national,NER,ocha;cluster,pooled-funds;capacity,transcript,S106,2026-07-13,high,public,draft,Extracted from Niger country consultation (French).
E0463,F804,Transition,practice,"A donor delegation met the cluster to discuss strategic priorities and advised that proposals emphasise environmental impact assessment and the donor four environmental priority areas, which the cluster is now building into partner capacity building and its advocacy strategy.",,national,NER,donor;cluster;ingo,advocacy;funding;partnerships,transcript,S106,2026-07-13,high,public,draft,Extracted from Niger country consultation (French).
E0464,F805,Fundamentals,enabler,"A database that takes data pasted from the cluster reporting platform and returns results by indicator has made routine information products quick to produce, and the cluster considers information management its strongest area.",,national,NER,cluster,information-management;capacity,transcript,S106,2026-07-13,high,public,draft,Extracted from Niger country consultation (French).
E0465,F028,Fundamentals,barrier,"A discrepancy between the reporting platform and the dashboard affects the total people-reached figure, and reconciling the two requires support the cluster does not hold in-house.",,national,NER,cluster,information-management;capacity,transcript,S106,2026-07-13,high,public,draft,Extracted from Niger country consultation (French).
E0466,F807,ABC,barrier,"The response to questions about which reporting system applies has been that the central module is a pilot and no answer is available yet, so partners have not begun reporting into it and the cluster continues extracting from its own platform alongside an interim spreadsheet.",,national,NER,ocha;cluster,information-management;hpc;guidance,transcript,S106,2026-07-13,high,public,draft,Extracted from Niger country consultation (French).
E0467,F808,Transition,barrier,"A transition plan was raised once at an intersectoral meeting as something every cluster should have; the cluster asked how it should be done, received no answer, and has not been contacted since, so ordinary coordination continues with neither government nor partners raising it.",,national,NER,ocha;cluster;gov-national,transition-handover;guidance;government-engagement,transcript,S106,2026-07-13,high,public,draft,Extracted from Niger country consultation (French).
E0468,F809,ABC;Transition,barrier,"The cluster contributed indicators and questionnaire content to the planned multi-sector assessment and asked to take part in enumerator training, was told it would be included, and then heard nothing; collection was due to start in July and had not begun by mid-month.",,national,NER,ocha;ingo;cluster,hpc;information-management;partnerships,transcript,S106,2026-07-13,high,public,draft,Extracted from Niger country consultation (French).
E0469,F810,ABC;Transition,practice,"With no multi-sector assessment last year, the cluster updated the previous one through key informants and agreed severity levels collectively at a cluster workshop.",,national,NER,cluster;local-ngo,hpc;information-management,transcript,S106,2026-07-13,high,public,draft,Extracted from Niger country consultation (French).
E0470,F225,Fundamentals,barrier,"The coordinator and information manager posts are formally split half between coordination and programme, but both have worked at full time or beyond on coordination throughout the emergency, and the formal split is due to be reinstated.",,national,LBN,cluster;un-agency,capacity;coordination-architecture,transcript,S107,2026-07-23,high,public,draft,Extracted from Lebanon country consultation.
E0471,F225,Fundamentals,barrier,"Subnational coordination leads are NGO staff acting voluntarily on top of their own roles, and their organisations absorb the time; several are already overstretched.",,subnational,LBN,ingo;local-ngo,capacity;localisation;coordination-architecture,transcript,S107,2026-07-23,high,public,draft,Extracted from Lebanon country consultation.
E0472,F230,ABC;Transition,recommendation,"A coordination performance review should ask partners, organisations and ministries how the sector has functioned, rather than the coordination team assessing itself, so that the resulting evidence can support the case for what needs to change.",,national,LBN,cluster;ingo;gov-national,performance;coordination-architecture;advocacy,transcript,S107,2026-07-23,high,public,draft,Extracted from Lebanon country consultation.
E0473,F040,ABC,barrier,"Area coordination groups work in detail locally but there is no equivalent operational discussion at central level, so issues stay compartmentalised within each area rather than aggregating into a national picture.",,national,LBN,ocha;cluster;operational-cell,coordination-architecture;information-management,transcript,S107,2026-07-23,high,public,draft,Extracted from Lebanon country consultation.
E0474,F024,Transition,context,"Water establishment capacity varies markedly between regions: one has an information management focal point working closely with the sector, while in another the post is paid for by the lead agency until the end of the year.",,subnational,LBN,gov-local;un-agency,government-engagement;capacity;information-management,transcript,S107,2026-07-23,high,public,draft,Extracted from Lebanon country consultation.
E0475,F026,ABC;Transition,recommendation,"Coordinators asked for documented cases, successful or not, of responsibility being handed to local actors, national NGOs or public utilities, in order to judge whether such arrangements hold in practice.",,national,LBN,cluster;local-ngo,peer-learning;transition-handover;localisation,transcript,S107,2026-07-23,high,public,draft,Extracted from Lebanon country consultation.
E0476,F408,ABC;Transition,enabler,"Tools built during an earlier emergency — a site booking sheet for partners and a linked reporting database — were reusable from day one of the next one, so information management was ready even where the response was not.",,national,LBN,cluster;ingo,capacity;information-management,transcript,S107,2026-07-23,high,public,draft,Extracted from Lebanon country consultation.
E0477,F361,Transition,barrier,"A transition plan shifting subnational responsibility to national NGOs and to public water establishments set a target that five months of emergency showed to be beyond what any of those actors could carry, and the plan is being reopened for revision.",,national,LBN,gov-local;local-ngo;cluster,transition-handover;capacity;localisation;,transcript,S107,2026-07-23,high,public,draft,Extracted from Lebanon country consultation.
E0478,F901,Transition,barrier,"Under the transition design, water establishments were to chair subnational meetings and follow up referrals on the stabilisation side; in practice their participation in those meetings has been minimal.",,subnational,LBN,gov-local;cluster,transition-handover;government-engagement;coordination-architecture,transcript,S107,2026-07-23,high,public,draft,Extracted from Lebanon country consultation.
E0479,F902,Transition,barrier,International NGOs withdrew from subnational coordination during the emergency and the lead agency had to fund positions so that local NGOs could keep the structure running.,,subnational,LBN,ingo;local-ngo;un-agency,localisation;funding;coordination-architecture,transcript,S107,2026-07-23,high,public,draft,Extracted from Lebanon country consultation.
E0480,F903,ABC,practice,"Area coordination groups are formalised with the coordination office, with leadership allocated through an expression of interest for one UN agency and one NGO per area and rotated every three to four months.",,subnational,LBN,ocha;ingo;operational-cell,coordination-architecture;partnerships;guidance,transcript,S107,2026-07-23,high,public,draft,Extracted from Lebanon country consultation.
E0481,F904,ABC,context,"Area groups vary considerably in how proactive they are, and some pursue positions at odds with their own central counterparts.",,subnational,LBN,operational-cell;ingo,coordination-architecture,transcript,S107,2026-07-23,high,public,draft,Extracted from Lebanon country consultation.
E0482,F361,Transition,barrier,"The line ministry leads the sector formally but took a limited role during the emergency, attending central operations meetings only where sector-specific items were tabled, with a single focal point covering the workload of several.",,national,LBN,gov-national;cluster,government-engagement;capacity,transcript,S107,2026-07-23,high,public,draft,Extracted from Lebanon country consultation.
E0483,F362,Transition,barrier,"An arrangement placing a post half in the sector and half in the ministry reached three final candidates, but the ministry did not take up any of them.",,national,LBN,gov-national;cluster,government-engagement;capacity;transition-handover,transcript,S107,2026-07-23,high,public,draft,Extracted from Lebanon country consultation.
E0484,F907,Transition,practice,"Where rapid needs assessment required an approval that took time to obtain, the exercise was reframed as a rapid technical assessment focused on shelter conditions and standards, which allowed it to proceed and has now run three rounds.",,national,LBN,cluster;gov-national,hpc;government-engagement;information-management,transcript,S107,2026-07-23,high,public,draft,Extracted from Lebanon country consultation.
E0485,F908,Transition,enabler,"Linking the rapid assessment to the booking and reporting systems produced a measure of how quickly sites were responded to, by partner and for the sector as a whole, which then informed pooled fund allocation decisions.",,national,LBN,cluster;ocha,information-management;performance;pooled-funds,transcript,S107,2026-07-23,high,public,draft,Extracted from Lebanon country consultation.
E0486,F909,ABC;Transition,enabler,Maintaining the same data in several formats at once — dashboard and spreadsheet — accommodates partners with different technical capacities without splitting the underlying data.,,national,LBN,cluster;ingo,information-management;partnerships,transcript,S107,2026-07-23,high,public,draft,Extracted from Lebanon country consultation.
E0487,F910,ABC;Transition,barrier,"The multi-sector assessment does not reach nationwide coverage, and the areas excluded are among those most changed by the conflict, so the change in conditions is the part hardest to measure.",,national,LBN,ocha;cluster,hpc;information-management,transcript,S107,2026-07-23,high,public,draft,Extracted from Lebanon country consultation.
E0488,F911,ABC;Transition,barrier,"Two separate population assessments run in parallel covering different groups, and although the sector aligned the questions between them, merging the two has been discussed for a long time without resolution.",,national,LBN,ocha;cluster,hpc;multisector,transcript,S107,2026-07-23,high,public,draft,Extracted from Lebanon country consultation.
E0489,F912,Transition,barrier,"A national survey was published several years after collection and only at subnational level, and the ministry was not inclined to adopt the results, so its value for planning was limited.",,national,LBN,gov-national;cluster,information-management;government-engagement;hpc;,transcript,S107,2026-07-23,high,public,draft,Extracted from Lebanon country consultation.
E0490,F913,ABC,enabler,"A district-level severity analysis combining infrastructure damage, displaced-to-host population ratios and rapid assessment findings gave the sector a defensible basis for pooled fund prioritisation.",,national,LBN,cluster;ocha,hpc;pooled-funds;information-management,transcript,S107,2026-07-23,high,public,draft,Extracted from Lebanon country consultation.
E0491,F914,Transition,enabler,"Sustained presence at humanitarian country team level, backed by evidence, moved two previously unprioritised WASH issues onto the agenda and into a large forthcoming allocation.",,national,LBN,cluster;ocha;donor,advocacy;pooled-funds;funding,transcript,S107,2026-07-23,high,public,draft,Extracted from Lebanon country consultation.
E0492,F915,ABC;Transition,barrier,"Advocacy material exists as separate thematic briefing notes rather than a single country-level position, which makes it harder to use in one conversation.",,national,LBN,cluster,advocacy,transcript,S107,2026-07-23,high,public,draft,Extracted from Lebanon country consultation.
E0493,F225,Fundamentals,barrier,"Following an agency restructuring, programme leads double-hat as sector coordinators, so the sector is run alongside a full programme portfolio.",,national,BGD,un-agency;cluster,capacity;coordination-architecture,transcript,S108,2026-07-17,high,public,draft,Extracted from Bangladesh country consultation.
E0494,F028,Fundamentals,barrier,The national coordination platform has no dedicated information management post; coordination and information management are carried by the coordinator with intermittent help from cluster members and partner staff.,,national,BGD,cluster;ingo,capacity;information-management,transcript,S108,2026-07-17,high,public,draft,Extracted from Bangladesh country consultation.
E0495,F506,Transition,barrier,"A strict priority tier requires life-saving activities — operation and maintenance, waste collection and supplies — to be funded before infrastructure improvement or reconstruction, and the resulting inaction on the lower tiers has affected the durability and quality of facilities.",,subnational,BGD,donor;ocha;cluster,funding;sustainability;pooled-funds,transcript,S108,2026-07-17,high,public,draft,Extracted from Bangladesh country consultation.
E0496,F1000,Transition,context,"At national level the coordination platform is government-led, so the sector operates inside a national cluster system rather than an internationally led one, alongside a separate sector arrangement for the refugee response.",,national,BGD,gov-national;cluster,government-engagement;coordination-architecture,transcript,S108,2026-07-17,high,public,draft,Extracted from Bangladesh country consultation.
E0497,F1001,Fundamentals,practice,"After the dedicated sector information management post was discontinued, a shared information management pool was created in the field office — an international lead, a national officer and four analysts serving all agency-led sectors — adopting a model already used in another operation.",,subnational,BGD,un-agency;cluster,information-management;capacity;coordination-architecture,transcript,S108,2026-07-17,high,public,draft,Extracted from Bangladesh country consultation.
E0498,F1002,Transition,enabler,"A rationalisation model gives NGOs responsibility for day-to-day operation and maintenance while UN agencies cover supplies, gap-filling and strategic issues, and the sector is regarded within the operation as a working example of the approach.",,subnational,BGD,ingo;local-ngo;un-agency,localisation;partnerships;coordination-architecture,transcript,S108,2026-07-17,high,public,draft,Extracted from Bangladesh country consultation.
E0499,F1003,Transition,practice,A consortium of national implementing partners was established that receives funding directly from a bilateral donor rather than through an intermediary.,,subnational,BGD,local-ngo;donor,localisation;funding;partnerships,transcript,S108,2026-07-17,high,public,draft,Extracted from Bangladesh country consultation.
E0500,F1004,ABC,barrier,"Of the pooled fund allocation reaching the sector, around one eighth went to international NGOs and the remainder to UN agencies.",,subnational,BGD,un-agency;ingo;donor,pooled-funds;localisation;funding,transcript,S108,2026-07-17,high,public,draft,Extracted from Bangladesh country consultation.
E0501,F1005,ABC;Transition,barrier,"The joint intersectoral assessment initially capped each sector at five indicators; the sector negotiated up to around ten, but the ceiling still constrains what the sector can analyse from the shared exercise.",,subnational,BGD,ocha;cluster,hpc;information-management;multisector,transcript,S108,2026-07-17,high,public,draft,Extracted from Bangladesh country consultation.
E0502,F1006,ABC;Transition,practice,"Because the joint assessment is capped, the sector runs complementary exercises — an annual water network performance review with a partner, a coverage survey, and a sustainability assessment built from secondary data — deliberately designed not to duplicate the joint round.",,subnational,BGD,cluster;ingo,hpc;information-management;sustainability,transcript,S108,2026-07-17,high,public,draft,Extracted from Bangladesh country consultation.
E0503,F1007,Transition,practice,"Before formal planning begins, the sector holds bilateral discussions with each partner to establish whether they can continue what they are currently implementing.",,subnational,BGD,cluster;ingo;local-ngo,partnerships;hpc;transition-handover,transcript,S108,2026-07-17,high,public,draft,Extracted from Bangladesh country consultation.
E0504,F1008,ABC;Transition,barrier,"Whether the host community is included in the joint assessment is unresolved, and the share of the response formally allocated to host communities is under review and may reduce.",,subnational,BGD,ocha;community,hpc;inclusion;funding,transcript,S108,2026-07-17,high,public,draft,Extracted from Bangladesh country consultation.
E0505,F1009,ABC;Transition,enabler,"Where responsibility for a service was contested between sectors, the sector agreed an institutional policy endorsed by the authorities setting out that its role is technical support rather than operational maintenance, and is now briefing camp-level authorities on it directly.",,subnational,BGD,cluster;gov-local;operational-cell,multisector;coordination-architecture;guidance,transcript,S108,2026-07-17,high,public,draft,Extracted from Bangladesh country consultation.
E0506,F1010,ABC;Transition,barrier,"Sectors under funding pressure move activities onto WASH — water and sanitation in schools being an education standard, for example — without carrying them in their own funding requests, which leaves the sector mobilising resources for work that is not its accountability.",,global,,cluster;ocha,multisector;funding;coordination-architecture,transcript,S108,2026-07-17,high,public,draft,Extracted from Bangladesh country consultation.
E0507,F1011,Transition,recommendation,"A pre-crisis baseline of WASH facilities in disaster-prone districts would allow needs to be estimated in the first weeks of a flood, when facilities are submerged and assessment is not possible; government infrastructure data exists but has not been analysed for this purpose.",,national,BGD,gov-national;cluster,hpc;information-management;government-engagement,transcript,S108,2026-07-17,high,public,draft,Extracted from Bangladesh country consultation.
E0508,F028,Fundamentals,barrier,"Assessment data at national level is collected by cluster members on a voluntary basis, so tools have to stay simple enough for volunteers and local NGO staff, and rapid rounds are limited to four to six indicators.",,national,BGD,local-ngo;cluster,hpc;capacity;localisation,transcript,S108,2026-07-17,high,public,draft,Extracted from Bangladesh country consultation.
E0509,F1013,Transition,barrier,"No in-depth severity analysis has been produced at national level for around a decade, which makes estimating people in need across a very large population difficult to defend.",,national,BGD,cluster;gov-national,hpc;information-management;performance,transcript,S108,2026-07-17,high,public,draft,Extracted from Bangladesh country consultation.
E0510,F1014,ABC,practice,"Area-based coordination is being piloted at local level, accompanied by capacity mapping of local partners with a focus on local NGOs, women-led organisations and local government offices.",,subnational,BGD,local-ngo;gov-local;cluster,localisation;coordination-architecture;capacity,transcript,S108,2026-07-17,high,public,draft,Extracted from Bangladesh country consultation.
E0511,F1015,ABC;Transition,practice,"A localisation capacity assessment was carried out with global support, scoring where the sector stands against the localisation agenda.",,national,BGD,cluster;local-ngo,localisation;performance,transcript,S108,2026-07-17,high,public,draft,Extracted from Bangladesh country consultation.
E0512,F1001,Fundamentals,practice,"A pool of staff is being built at sub-district level to support coordination and information management, drawn from UN agencies, NGOs and government offices rather than from a single agency.",,subnational,BGD,un-agency;local-ngo;gov-local,capacity;localisation;coordination-architecture,transcript,S108,2026-07-17,high,public,draft,Extracted from Bangladesh country consultation.
E0513,F028,Fundamentals,barrier,"A coordinator running without information management capacity reports that coordination outputs are visibly not being maintained, and that this is picked up in performance monitoring.","je suis audité actuellement par rapport à la coordination du Cluster, il y a beaucoup de choses qui sont mal notées parce que tout simplement il y a pas de gestion de l'information",national,HTI,cluster;un-agency,capacity;information-management;performance,transcript,S109,2026-07-13,medium,internal,draft,"WITHHELD 2026-08. The source does say an audit is under way — the earlier doubt about that was unfounded. Two other problems were real. First, the original statement ended '...so the absence of the post shows up as a coordination failing rather than a resourcing one', which is an inference the speaker never made; he said only that the cause was obvious. Second, and the reason for withholding: one WASH coordinator covers this country, the audit is live, and the surrounding remarks are self-critical. Publishing it identifies him. F028 keeps three other records from the same conversation covering the frozen recruitment, the unvalidated standby request and the under-levelled post, so no evidence is lost. Quote captured so the record stays checkable."
E0514,F609,ABC;Transition,enabler,"On learning that an existing reporting system can be retained and bridged to the central platform, the sector chose to seek a derogation and migrate the data rather than abandon a platform invested in over years and shared with development actors.",,national,HTI,cluster;gov-national;development,information-management;coordination-architecture;nexus;,transcript,S109,2026-07-13,high,public,draft,Extracted from Haiti country consultation (French).
E0515,F1100,Transition,context,"The emergency classification is being stepped down while the crisis itself continues, which the sector expects to reduce institutional attention rather than reflect improved conditions.",,national,HTI,un-agency;cluster,funding;advocacy,transcript,S109,2026-07-13,high,public,draft,Extracted from Haiti country consultation (French).
E0516,F1101,Transition,enabler,"After several years of limited engagement, the national water authority became noticeably more active over recent months following a new appointment, and has begun facilitating meetings itself.",,national,HTI,gov-national;cluster,government-engagement;coordination-architecture,transcript,S109,2026-07-13,high,public,draft,Extracted from Haiti country consultation (French).
E0517,F1102,Transition,context,"The authority position is that national-level co-leadership is not needed, and that support should instead go to strengthening coordination at subnational level with NGO involvement.",,subnational,HTI,gov-national;local-ngo,government-engagement;localisation;coordination-architecture,transcript,S109,2026-07-13,high,public,draft,Extracted from Haiti country consultation (French).
E0518,F1103,Transition,context,"Coordination operates as a government-led sector rather than an activated cluster, because the government does not want cluster activation.",,national,HTI,gov-national;ocha,government-engagement;coordination-architecture,transcript,S109,2026-07-13,high,public,draft,Extracted from Haiti country consultation (French).
E0519,F1104,Transition,practice,"From the start of next year the coordinator and information manager posts will be nationalised, with government continuing its leadership and an NGO expected to co-facilitate at national or subnational level.",,national,HTI,un-agency;gov-national;local-ngo,transition-handover;localisation;coordination-architecture,transcript,S109,2026-07-13,high,public,draft,Extracted from Haiti country consultation (French).
E0520,F1105,Transition,enabler,"A national NGO has expressed interest in co-leadership and sustained that interest for over a year, giving the sector a candidate already familiar with the response.",,national,HTI,local-ngo;cluster,localisation;partnerships,transcript,S109,2026-07-13,high,public,draft,Extracted from Haiti country consultation (French).
E0521,F386,Transition,practice,"The plan is to recruit the incoming national coordinator during the final quarter so there is an overlap of several weeks with the departing coordinator, allowing handover on the job.",,national,HTI,un-agency;cluster,transition-handover;capacity;staff-turnover,transcript,S109,2026-07-13,high,public,draft,Extracted from Haiti country consultation (French).
E0522,F028,Fundamentals,barrier,"An information management recruitment funded from secured resources was frozen when the office established it could not cover the salary into the following year, leaving the function unstaffed.",,national,HTI,un-agency;cluster,funding;capacity;information-management,transcript,S109,2026-07-13,high,public,draft,Extracted from Haiti country consultation (French).
E0523,F028,Fundamentals,barrier,"A standby request for an information manager produced candidates that were not validated, and the deployment that followed was assigned to another sector.",,national,HTI,un-agency;cluster,capacity;information-management,transcript,S109,2026-07-13,high,public,draft,Extracted from Haiti country consultation (French).
E0524,F028,Fundamentals,barrier,"The information management post was filled at a level below what the role requires, and a coordinator without information management background is not placed to close that gap.",,national,HTI,cluster;un-agency,capacity;information-management,transcript,S109,2026-07-13,high,public,draft,Extracted from Haiti country consultation (French).
E0525,F1001,Fundamentals,practice,"A three-month deployment is arriving to build the capacity of volunteer information officers covering two sectors, though the deployee background is in another sector rather than WASH.",,national,HTI,un-agency;cluster,capacity;information-management,transcript,S109,2026-07-13,high,public,draft,Extracted from Haiti country consultation (French).
E0526,F426,Transition,recommendation,"If coordination moves to NGO co-facilitation, the incoming organisation will need structured training and induction rather than an assumption that it can absorb the role directly.",,national,HTI,local-ngo;cluster,capacity;localisation;transition-handover,transcript,S109,2026-07-13,high,public,draft,Extracted from Haiti country consultation (French).
E0527,F1112,ABC;Transition,barrier,"Government uses its own monitoring platform, shared across humanitarian and development work, and has consistently done so — a position not tested against the requirement to move partner reporting to a central humanitarian system.",,national,HTI,gov-national;cluster,information-management;government-engagement;nexus,transcript,S109,2026-07-13,high,public,draft,Extracted from Haiti country consultation (French).
E0528,F1113,ABC;Transition,recommendation,"Where a transition is under way, how long platform licences can be relied on is a question worth asking before effort is invested in migrating to a new system — and one better put by government focal points than by the cluster.",,global,,gov-national;cluster,information-management;transition-handover;government-engagement,transcript,S109,2026-07-13,high,public,draft,Extracted from Haiti country consultation (French).
E0529,F1114,ABC;Transition,practice,"The sector maintains one of the larger assessment toolkits among clusters, organised as thematic response packs each containing its own assessment section, and has scheduled a revision of the tools in its annual workplan.",,national,HTI,cluster,information-management;hpc;guidance,transcript,S109,2026-07-13,high,public,draft,Extracted from Haiti country consultation (French).
E0530,F1115,ABC,barrier,"Partners are due to move from the sector reporting system to the central platform within a month, and a training session for all partners will be needed before that happens.",,national,HTI,ocha;cluster;ingo,information-management;hpc;capacity,transcript,S109,2026-07-13,high,public,draft,Extracted from Haiti country consultation (French).
E0531,F002,ABC,enabler,"The coordination structure mirrors the government structure: each province has a provincial administration able to take decisions without referring to the capital, so provincial coordination has a counterpart with real authority.",,subnational,MOZ,gov-local;cluster,government-engagement;coordination-architecture;localisation,transcript,S110,2026-07-03,high,public,draft,Extracted from Mozambique country consultation.
E0532,F225,Fundamentals,barrier,"Both coordinators are double-hatting, and with assessment scope expanding sharply next year the country office has been told that a double-hatting arrangement is unlikely to be sufficient.",,national,MOZ,un-agency;cluster,capacity;coordination-architecture,transcript,S110,2026-07-03,high,public,draft,Extracted from Mozambique country consultation.
E0533,F319,Transition,enabler,"The government asked for a separate report on each partner so it can see what every organisation is doing and where, and the cluster now produces these from partner reporting data.",,national,MOZ,gov-national;cluster,information-management;government-engagement,transcript,S110,2026-07-03,high,public,draft,Extracted from Mozambique country consultation.
E0534,F408,ABC;Transition,enabler,"The government established provincial warehouses holding prepositioned WASH supplies, and stock has since been pushed down to key districts so it sits closer to where emergencies occur.",,subnational,MOZ,gov-national;gov-local,capacity;government-engagement;sustainability,transcript,S110,2026-07-03,high,public,draft,Extracted from Mozambique country consultation.
E0535,F214,ABC,barrier,"Partners were asked by email to register on a new central reporting platform with a training date attached, without the change having been discussed at intersectoral or country team level; other sectors were equally unaware.",,national,MOZ,ocha;cluster,information-management;hpc;coordination-architecture,transcript,S110,2026-07-03,high,public,draft,Extracted from Mozambique country consultation.
E0536,F609,ABC;Transition,barrier,The move to a central platform cuts across work to merge humanitarian and development reporting into a single shared file — an integration that was feasible precisely because both sides used the same simple format.,,national,MOZ,gov-national;development;cluster,information-management;nexus;government-engagement,transcript,S110,2026-07-03,high,public,draft,Extracted from Mozambique country consultation.
E0537,F364,Fundamentals,barrier,"Frequent changes in senior public administration posts during the period affected the design of the transition strategy, as the counterparts involved kept changing.",,national,MOZ,gov-national;cluster,staff-turnover;government-engagement;transition-handover,transcript,S110,2026-07-03,high,public,draft,Extracted from Mozambique country consultation.
E0538,F387,Transition,enabler,"The lead agency committed two additional staff into the national government to cover emergency response coordination, filling the absence of a dedicated central unit for it.",,national,MOZ,gov-national;un-agency,government-engagement;capacity;transition-handover,transcript,S110,2026-07-03,high,public,draft,Extracted from Mozambique country consultation.
E0539,F1200,ABC,enabler,"Provincial coordination handles operational questions and partner-level discussion more effectively than a national platform can, while national level is better placed for strategy, tools, harmonisation and information flow.",,subnational,MOZ,cluster;gov-local,coordination-architecture;localisation,transcript,S110,2026-07-03,high,public,draft,Extracted from Mozambique country consultation.
E0540,F1201,ABC,barrier,"Where the cluster had no prior presence in a province, a large disaster found the response unprepared: no humanitarian partners were established there beforehand, and decisions had to come from the capital because the provincial administration had not handled an event of that scale.",,subnational,MOZ,gov-local;cluster,coordination-architecture;capacity,transcript,S110,2026-07-03,high,public,draft,Extracted from Mozambique country consultation.
E0541,F387,Transition,enabler,"In a province with long cluster presence and earlier joint training with the lead agency, the provincial government now leads the coordination platform almost unaided, several years after the emergencies that established it.",,subnational,MOZ,gov-local;cluster,government-engagement;capacity;transition-handover,transcript,S110,2026-07-03,high,public,draft,Extracted from Mozambique country consultation.
E0542,F1203,Transition,context,"Transition is furthest advanced in the province where the emergency level is lowest, which sits in a grey area between cluster and government-led sector arrangements.",,subnational,MOZ,gov-local;cluster,transition-handover;coordination-architecture,transcript,S110,2026-07-03,high,public,draft,Extracted from Mozambique country consultation.
E0543,F1204,ABC;Transition,practice,"All provincial focal points are lead agency staff except one province where a national NGO co-coordinates, an arrangement started recently with ongoing capacity support.",,subnational,MOZ,local-ngo;un-agency,localisation;coordination-architecture,transcript,S110,2026-07-03,high,public,draft,Extracted from Mozambique country consultation.
E0544,F1205,ABC;Transition,practice,"District-level reports generated from partner reporting data give district authorities a view of what WASH activity is ongoing, planned or complete in their area.",,subnational,MOZ,gov-local;cluster,information-management;government-engagement,transcript,S110,2026-07-03,high,public,draft,Extracted from Mozambique country consultation.
E0545,F805,Fundamentals,practice,"A free web application built on common office tools routes partner requests for prepositioned supplies through the cluster to a government approver and issues an automatic authorisation, replacing a paper process that made reporting to donors difficult.",,national,MOZ,gov-national;cluster;ingo,information-management;government-engagement;capacity,transcript,S110,2026-07-03,high,public,draft,Extracted from Mozambique country consultation.
E0546,F1207,ABC;Transition,barrier,"Intersectoral projects still have to be reported separately under each sector in the central platform, so a single integrated project cannot be recorded as one.",,global,,ocha;cluster,information-management;multisector,transcript,S110,2026-07-03,high,public,draft,Extracted from Mozambique country consultation.
E0547,F1208,ABC;Transition,practice,"The multi-sector assessment expands from around twenty districts to over a hundred, covering conflict, floods and an anticipated climate event, using the same question set as the previous round so the analysis method is already established.",,national,MOZ,ocha;cluster,hpc;information-management,transcript,S110,2026-07-03,high,public,draft,Extracted from Mozambique country consultation.
E0548,F225,Fundamentals,barrier,"A sharp expansion in assessment coverage raises whether the coordination structure can cover the provinces and districts involved, which has been flagged to the country office as a staffing question.",,national,MOZ,cluster;un-agency,capacity;hpc;coordination-architecture,transcript,S110,2026-07-03,high,public,draft,Extracted from Mozambique country consultation.
E0549,F1210,ABC;Transition,practice,"Historical cholera and disaster data were layered onto household survey results at area level to produce the severity analysis, rather than relying on the survey alone.",,national,MOZ,cluster,hpc;information-management,transcript,S110,2026-07-03,high,public,draft,Extracted from Mozambique country consultation.
E0550,F1211,Transition,enabler,"A detailed handover document produced with external support was reworked with the national authority into a government-side transition strategy, with very few changes to the structure originally proposed.",,national,MOZ,gov-national;cluster,transition-handover;government-engagement;guidance,transcript,S110,2026-07-03,high,public,draft,Extracted from Mozambique country consultation.
E0551,F225,Fundamentals,barrier,"Implementing the transition strategy needs someone working alongside provincial and national government continuously; a short consultancy would not cover it, and the initial timeline is at least two years depending on resources.",,national,MOZ,cluster;gov-national,transition-handover;capacity;funding,transcript,S110,2026-07-03,high,public,draft,Extracted from Mozambique country consultation.
E0552,F225,Fundamentals,context,"A growing pooled fund envelope brings more partners and more monitoring expectations onto the cluster, and coordination is being activated at district level in one province because so many partners there now hold allocations.",,subnational,MOZ,ocha;cluster;ingo,pooled-funds;capacity;coordination-architecture,transcript,S110,2026-07-03,high,public,draft,Extracted from Mozambique country consultation.
E0553,F333,Transition,barrier,A six-month deadline for handover was set internally by the lead agency and is tied to the coordinator contract ending rather than to any assessment of whether the receiving institution is ready.,,national,ETH,un-agency;cluster,funding;transition-handover;guidance,transcript,S111,2026-06-23,high,public,draft,Extracted from Ethiopia country consultation.
E0554,F361,Transition,barrier,No dedicated counterpart has been assigned for coordination or information management; the person nominated in the ministry carries the role alongside existing duties.,,national,ETH,gov-national;cluster,government-engagement;capacity;transition-handover,transcript,S111,2026-06-23,high,public,draft,Extracted from Ethiopia country consultation.
E0555,F362,Transition,barrier,"The plan for the coordinator to sit inside the ministry did not proceed because no office space was made available, so the intended co-location never happened.",,national,ETH,gov-national;cluster,government-engagement;capacity;transition-handover,transcript,S111,2026-06-23,high,public,draft,Extracted from Ethiopia country consultation.
E0556,F503,Transition,barrier,"A national election absorbed government attention through the period set aside for transition, and engagement did not resume until after the result.",,national,ETH,gov-national;cluster,government-engagement;transition-handover,transcript,S111,2026-06-23,high,public,draft,Extracted from Ethiopia country consultation.
E0557,F318,Transition,barrier,"Government has no mechanism of its own to establish which partners are working where or on what, and relies on cluster information for it — partners also come to the cluster for that list.",,national,ETH,gov-national;cluster;ingo,information-management;government-engagement;transition-handover,transcript,S111,2026-06-23,high,public,draft,Extracted from Ethiopia country consultation.
E0558,F027,Fundamentals,barrier,"If the coordination function stops without a receiver, several years of accumulated information will not be picked up by either the government or the lead agency.",,national,ETH,cluster;gov-national,information-management;transition-handover;staff-turnover,transcript,S111,2026-06-23,high,public,draft,Extracted from Ethiopia country consultation.
E0559,F019,Fundamentals,barrier,"Regional coordinator and information management posts were lost last year, and the one remaining double-hatting regional post ends as coordination shifts to area-based structures, leaving no sector presence in that region.",,subnational,ETH,cluster;un-agency,funding;capacity;coordination-architecture,transcript,S111,2026-06-23,high,public,draft,Extracted from Ethiopia country consultation.
E0560,F414,ABC;Transition,context,"Area-based structures are expected to continue after the cluster is deactivated, making them the residual coordination arrangement rather than a parallel one.",,national,ETH,operational-cell;ocha,coordination-architecture;transition-handover,transcript,S111,2026-06-23,high,public,draft,Extracted from Ethiopia country consultation.
E0561,F395,ABC;Transition,recommendation,"Assessment tools and products developed over several years risk being lost when the coordinator departs, and should be archived centrally before that happens rather than after.",,national,ETH,cluster;un-agency,information-management;transition-handover,transcript,S111,2026-06-23,high,public,draft,Extracted from Ethiopia country consultation.
E0562,F1300,Transition,barrier,"A transition plan was drafted by adapting examples from other countries and shared with the ministry, and no feedback had been received four months later despite repeated follow-up.",,national,ETH,gov-national;cluster,transition-handover;government-engagement;guidance,transcript,S111,2026-06-23,high,public,draft,Extracted from Ethiopia country consultation.
E0563,F1301,Transition,context,"The government asked to take over coordination and wants to do so gradually with continued support, while preferring not to have the arrangement set down in documents recorded in its own name.",,national,ETH,gov-national;cluster,government-engagement;transition-handover;guidance,transcript,S111,2026-06-23,high,public,draft,Extracted from Ethiopia country consultation.
E0564,F1302,Transition,barrier,"The ministry has not yet taken on convening the coordination meeting, which is still called and chaired by the outgoing coordinator.",,national,ETH,gov-national;cluster,government-engagement;transition-handover;coordination-architecture,transcript,S111,2026-06-23,high,public,draft,Extracted from Ethiopia country consultation.
E0565,F1303,Transition,context,"The humanitarian coordination office agreed that six months is not sufficient for the handover, while the lead agency timeline remained unchanged.",,national,ETH,ocha;un-agency;cluster,transition-handover;guidance,transcript,S111,2026-06-23,high,public,draft,Extracted from Ethiopia country consultation.
E0566,F386,Transition,context,"Other sectors in the same country nationalised their coordinator and information management posts and continue to function, while this sector is moving toward deactivation on a shorter timetable.",,national,ETH,un-agency;cluster,transition-handover;localisation;capacity,transcript,S111,2026-06-23,high,public,draft,Extracted from Ethiopia country consultation.
E0567,F1305,Transition,context,"Sectors with a single line ministry counterpart move through deactivation faster than those split across two ministries, where the handover requires an inter-ministerial discussion first.",,national,ETH,gov-national;cluster,government-engagement;transition-handover;coordination-architecture,transcript,S111,2026-06-23,high,public,draft,Extracted from Ethiopia country consultation.
E0568,F1306,Transition,barrier,"The cluster sits under the emergency unit rather than the sector programme section, so there is no natural route for programme resources or attention to support the transition.",,national,ETH,un-agency;cluster,coordination-architecture;transition-handover;funding,transcript,S111,2026-06-23,high,public,draft,Extracted from Ethiopia country consultation.
E0569,F1307,ABC;Transition,context,"Government will lead the food, agriculture and nutrition assessments; other sectors may run their own tools, but results have to be endorsed by the ministry before use.",,national,ETH,gov-national;cluster,government-engagement;hpc;information-management,transcript,S111,2026-06-23,high,public,draft,Extracted from Ethiopia country consultation.
E0570,F1308,ABC;Transition,enabler,"A government-developed system for water point assessment, capturing access at a small administrative level, is being built and will remain government-led.",,national,ETH,gov-national,government-engagement;information-management;hpc,transcript,S111,2026-06-23,high,public,draft,Extracted from Ethiopia country consultation.
E0571,F1309,ABC,barrier,"Pooled fund allocations are running and depend on the cluster for partner selection, monitoring and collecting results; no successor has been identified for those tasks when the function ends.",,national,ETH,ocha;cluster;donor,pooled-funds;transition-handover;capacity,transcript,S111,2026-06-23,high,public,draft,Extracted from Ethiopia country consultation.
E0572,F027,Fundamentals,barrier,"Contact with area-based structures runs through agency colleagues in the region rather than directly, and that arrangement ends with the departure of the staff member concerned.",,subnational,ETH,cluster;operational-cell,coordination-architecture;capacity,transcript,S111,2026-06-23,high,public,draft,Extracted from Ethiopia country consultation.
E0573,F802,Fundamentals,barrier,Planned advocacy work slipped again because the dates set could not be held against other activities the cluster is required to take part in.,,national,BFA,cluster,advocacy;capacity;performance,transcript,S112,2026-06-23,high,public,draft,Extracted from Burkina Faso country consultation (French).
E0574,F364,Fundamentals,barrier,"Subnational coordination weakened from the start of the year when a ministry reform replaced the previous regional focal points with newly created directorates, and the structures are still bedding in.",,subnational,BFA,gov-local;cluster,staff-turnover;government-engagement;coordination-architecture,transcript,S112,2026-06-23,high,public,draft,Extracted from Burkina Faso country consultation (French).
E0575,F608,ABC;Transition,barrier,"Central reporting indicators do not match how the response is delivered: the framework counts newly constructed water points, while most activity is repair — and since a handpump can be repaired several times, recording repairs there would double-count the people reached.",,national,BFA,ocha;cluster,information-management;performance;hpc,transcript,S112,2026-06-23,high,public,draft,Extracted from Burkina Faso country consultation (French).
E0576,F1400,ABC;Transition,practice,"An advocacy note is being produced by a small committee drawn from cluster members, the strategic advisory group and partners with advocacy experience, working to an action plan setting out what is done by whom and when, with drafting split across sub-groups.",,national,BFA,cluster;ingo,advocacy;partnerships,transcript,S112,2026-06-23,high,public,draft,Extracted from Burkina Faso country consultation (French).
E0577,F1401,ABC;Transition,enabler,"The advocacy note will be disseminated partly through an existing sector dialogue framework where the situation is presented to government and donors every two months, using a channel that already exists rather than creating one.",,national,BFA,gov-national;donor;cluster,advocacy;government-engagement;partnerships,transcript,S112,2026-06-23,high,public,draft,Extracted from Burkina Faso country consultation (French).
E0578,F1402,ABC;Transition,barrier,"The global financial tracking service does not reflect actual sector funding in the country, so the cluster runs its own funding matrix to establish the real trend and to map which donors have financed the sector.",,national,BFA,cluster;donor,funding;information-management;advocacy,transcript,S112,2026-06-23,high,public,draft,Extracted from Burkina Faso country consultation (French).
E0579,F1403,Transition,enabler,"Government planning and review documents identify donors financing projects on the state side, and are being used to capture funding that a humanitarian-only mapping would miss.",,national,BFA,gov-national;development;cluster,funding;government-engagement;nexus,transcript,S112,2026-06-23,high,public,draft,Extracted from Burkina Faso country consultation (French).
E0580,F1404,ABC;Transition,barrier,"WASH is not treated as a priority in national decision-making or in humanitarian resource allocation, even where it registers as a priority at community level and in needs data.",,national,BFA,gov-national;donor;cluster,funding;advocacy,transcript,S112,2026-06-23,high,public,draft,Extracted from Burkina Faso country consultation (French).
E0581,F1405,Transition,context,"The country is under a transitional administration whose stated position emphasises national self-reliance, including determining how partners engage.",,national,BFA,gov-national,government-engagement;transition-handover,transcript,S112,2026-06-23,high,public,draft,Extracted from Burkina Faso country consultation (French).
E0582,F1406,Transition,context,"A ministry reform merged water into a larger ministry and dissolved the emergency technical secretariat that had been the cluster counterpart; its functions moved to the equivalent structure on the food security side, where a new WASH department was created staffed largely by the same people.",,national,BFA,gov-national;cluster,government-engagement;coordination-architecture;staff-turnover,transcript,S112,2026-06-23,high,public,draft,Extracted from Burkina Faso country consultation (French).
E0583,F387,Transition,enabler,"Capacity support to the government emergency structure included equipping it with water trucking capability so it could deliver directly in areas without partner presence, alongside humanitarian response training and field deployment.",,national,BFA,gov-national;un-agency,government-engagement;capacity;transition-handover,transcript,S112,2026-06-23,high,public,draft,Extracted from Burkina Faso country consultation (French).
E0584,F1408,Transition,barrier,"Government has moved to collect partner activity data itself, on the basis that the data should be nationally held, through a separate government-partner framework that sits outside the cluster.",,national,BFA,gov-national;cluster;ingo,information-management;government-engagement;coordination-architecture,transcript,S112,2026-06-23,high,public,draft,Extracted from Burkina Faso country consultation (French).
E0585,F1409,Transition,barrier,"Running a parallel government data collection alongside the cluster system while the cluster is still active creates duplicate reporting for partners and divides the coordination picture, where a sequenced handover of the same function would not.",,national,BFA,gov-national;cluster;ingo,information-management;government-engagement;transition-handover,transcript,S112,2026-06-23,high,public,draft,Extracted from Burkina Faso country consultation (French).
E0586,F026,ABC;Transition,enabler,"Bi-monthly discussion meetings with all regional focal points to work through challenges and share solutions were well received, and participants asked for them to continue on that cycle.",,subnational,BFA,gov-local;cluster,capacity;peer-learning;coordination-architecture,transcript,S112,2026-06-23,high,public,draft,Extracted from Burkina Faso country consultation (French).
E0587,F1411,Transition,practice,"A field mission is planned to meet the newly appointed regional officials directly, after asking in-country colleagues to brief them first on what regional coordination involves.",,subnational,BFA,gov-local;cluster,government-engagement;capacity,transcript,S112,2026-06-23,high,public,draft,Extracted from Burkina Faso country consultation (French).
E0588,F1412,ABC;Transition,barrier,"Needs assessment is limited to small exercises run by regional directorates or individual partners, with no systematic assessment to monitor the response, because each round carries a cost nobody has budgeted.",,national,BFA,cluster;gov-local,hpc;funding,transcript,S112,2026-06-23,high,public,draft,Extracted from Burkina Faso country consultation (French).
E0589,F1413,ABC;Transition,recommendation,"A needs assessment strategy led by the national authority, with a budget line attached, would give the sector a predictable basis for data rather than depending on partner-by-partner exercises.",,national,BFA,gov-national;cluster,hpc;government-engagement;funding,transcript,S112,2026-06-23,high,public,draft,Extracted from Burkina Faso country consultation (French).
E0590,F1414,ABC;Transition,barrier,"The multi-sector assessment depends on two separate approvals — donor funding and a government statistical authorisation — and neither is confirmed, with the window for producing data in time for planning closing.",,national,BFA,ocha;gov-national;donor,hpc;government-engagement;funding,transcript,S112,2026-06-23,high,public,draft,Extracted from Burkina Faso country consultation (French).
E0591,F019,Fundamentals,barrier,"Every cluster coordinator post in the country was removed in a restructuring — across WASH, nutrition, education and protection — and most information management contracts were not renewed alongside them.",,national,MLI,un-agency;cluster,funding;capacity;coordination-architecture,transcript,S113,2026-07-28,high,public,draft,Extracted from Mali country consultation (French).
E0592,F225,Fundamentals,barrier,"Coordination is carried by a co-facilitator whose post is fully funded by programme, with around thirty per cent of time notionally available for the sector, and by a specialist contributing around twenty per cent.",,national,MLI,cluster;un-agency;local-ngo,capacity;coordination-architecture,transcript,S113,2026-07-28,high,public,draft,Extracted from Mali country consultation (French).
E0593,F386,Transition,enabler,"During a two-month absence of the only remaining coordination staff member, the national co-facilitator represented the sector in national fora, which kept the sector present when it would otherwise have been absent.",,national,MLI,local-ngo;cluster,localisation;capacity;coordination-architecture,transcript,S113,2026-07-28,high,public,draft,Extracted from Mali country consultation (French).
E0594,F364,Fundamentals,barrier,"The government counterpart changed three times in a year: the official covering the role was promoted, the replacement took extended sick leave, and a new one was introduced less than a month ago.",,national,MLI,gov-national;cluster,staff-turnover;government-engagement,transcript,S113,2026-07-28,high,public,draft,Extracted from Mali country consultation (French).
E0595,F506,ABC,barrier,"What the pooled fund finances tends to stop at emergency kits, while the need in the prioritised areas is boreholes and latrines, which the allocation does not cover.",,national,MLI,donor;ocha;cluster,pooled-funds;funding;sustainability,transcript,S113,2026-07-28,high,public,draft,Extracted from Mali country consultation (French).
E0596,F015,ABC,barrier,"Allocation arbitration meetings are normally attended by the cluster coordinator and are where the significant decisions are taken; with the post vacant the sector is absent from them, and that shows in the final allocation strategy.",,national,MLI,ocha;cluster,pooled-funds;coordination-architecture;advocacy,transcript,S113,2026-07-28,high,public,draft,Extracted from Mali country consultation (French).
E0597,F807,ABC,context,"The central reporting platform is not yet operational in country; training has taken place but sectors have been told to continue their existing collection, and only one sector currently uses it.",,national,MLI,ocha;cluster,information-management;hpc,transcript,S113,2026-07-28,high,public,draft,Extracted from Mali country consultation (French).
E0598,F225,Fundamentals,barrier,"With the coordinator post vacant, decisions that would normally sit with a coordinator have no home: the co-facilitator is not placed to take them and there is nobody to refer them to.",,national,MLI,cluster;un-agency,coordination-architecture;capacity,transcript,S113,2026-07-28,high,public,draft,Extracted from Mali country consultation (French).
E0599,F225,Fundamentals,barrier,"Attending meetings and producing the planning documentation are different demands: the staff member with a fraction of time available can attend, but cannot draft indicators, objectives and strategy against the planning deadlines.",,national,MLI,cluster;un-agency,capacity;hpc,transcript,S113,2026-07-28,high,public,draft,Extracted from Mali country consultation (French).
E0600,F386,Transition,context,"The proposal for next year removes the international coordinator post and retains a national one, and removes the information management post in favour of a national position; the sector argued that removing either while keeping the other does not work in practice.",,national,MLI,un-agency;cluster,transition-handover;localisation;capacity,transcript,S113,2026-07-28,high,public,draft,Extracted from Mali country consultation (French).
E0601,F1503,Transition,barrier,"Strategic advisory meetings could not be held on the intended cycle through the period of staffing and counterpart changes, with the second of the year taking place only recently.",,national,MLI,cluster;gov-national,coordination-architecture;performance,transcript,S113,2026-07-28,high,public,draft,Extracted from Mali country consultation (French).
E0602,F1504,ABC;Transition,context,"Three separate channels collect needs data: a government departmental framework running twice a year but not aligned to planning periods, a national social development channel run with an agency, and the international assessment partner.",,national,MLI,gov-national;ocha;cluster,hpc;information-management;government-engagement,transcript,S113,2026-07-28,high,public,draft,Extracted from Mali country consultation (French).
E0603,F1505,ABC;Transition,enabler,"Facing a funding shortfall for the assessment, the country was divided into two zones — one covered by the international partner, the other through a national channel — and the datasets combined afterwards to produce national coverage.",,national,MLI,ocha;gov-national;cluster,hpc;funding;localisation,transcript,S113,2026-07-28,high,public,draft,Extracted from Mali country consultation (French).
E0604,F1506,ABC;Transition,enabler,A key informant questionnaire approach piloted with global support allowed data to be gathered in areas the assessment partner could not reach.,,national,MLI,cluster;local-ngo,hpc;information-management,transcript,S113,2026-07-28,high,public,draft,Extracted from Mali country consultation (French).
E0605,F225,Fundamentals,practice,"An inter-sector working group is being formed to pool and harmonise the separate surveys, though the sector has nobody to represent it there once the remaining post ends.",,national,MLI,ocha;cluster,hpc;multisector;capacity,transcript,S113,2026-07-28,high,public,draft,Extracted from Mali country consultation (French).
E0606,F360,Fundamentals,barrier,"A thematic group is being stood up to develop a faecal sludge management strategy for displacement sites, and few partners approached so far have experience in that area.",,subnational,MLI,ingo;local-ngo;cluster,capacity;partnerships;sustainability,transcript,S113,2026-07-28,high,public,draft,Extracted from Mali country consultation (French).
E0607,F1509,ABC,practice,"Advocacy with the fund is being framed around complementarity: nutrition and food security outcomes both depend on water, so allocations to those sectors should carry corresponding WASH provision rather than leaving it unfunded.",,national,MLI,cluster;donor;ocha,advocacy;pooled-funds;multisector,transcript,S113,2026-07-28,high,public,draft,Extracted from Mali country consultation (French).
E0608,F210,ABC,context,"The area-based arrangement here divides the country into zones each led by a UN organisation on a permanent basis, covering two or three states — closer in shape to the existing subnational cluster tier than to local multi-sector operational coordination.",,national,SSD,un-agency;operational-cell,coordination-architecture;guidance,transcript,S114,2026-07-29,high,public,draft,Extracted from South Sudan country consultation.
E0609,F040,ABC,barrier,"There is no established link between the cluster and the area structures, and no shared definition of what each should do or how they should communicate.",,national,SSD,cluster;operational-cell,coordination-architecture;information-management;guidance,transcript,S114,2026-07-29,high,public,draft,Extracted from South Sudan country consultation.
E0610,F030,ABC,practice,"Partners report to the cluster rather than to the area structures, which approach the cluster only when they have a gap to fill and do not otherwise attend cluster meetings.",,national,SSD,ingo;cluster;operational-cell,information-management;coordination-architecture,transcript,S114,2026-07-29,high,public,draft,Extracted from South Sudan country consultation.
E0611,F019,Fundamentals,barrier,Five dedicated subnational coordinator posts were lost and state-level coordination now rests on voluntary arrangements; the co-coordinator seconded by an NGO and the one dedicated state post are both funded only to the end of the year.,,subnational,SSD,ingo;cluster,funding;capacity;coordination-architecture,transcript,S114,2026-07-29,high,public,draft,Extracted from South Sudan country consultation.
E0612,F225,Fundamentals,barrier,"The information management post is half-time and split between the agency section and the cluster, with the planning season and its documentation demands arriving on top.",,national,SSD,cluster;un-agency,capacity;information-management,transcript,S114,2026-07-29,high,public,draft,Extracted from South Sudan country consultation.
E0613,F1005,ABC;Transition,barrier,"The joint assessment limits how many questions each sector may include, so adding water insecurity measures means removing other sector questions rather than extending the tool.",,national,SSD,ocha;cluster,hpc;information-management;multisector,transcript,S114,2026-07-29,high,public,draft,Extracted from South Sudan country consultation.
E0614,F608,ABC,barrier,"Country-level indicators differ from those proposed globally in the central planning platform, and customising them proved difficult during the last planning round.",,national,SSD,ocha;cluster,information-management;hpc;performance,transcript,S114,2026-07-29,high,public,draft,Extracted from South Sudan country consultation.
E0615,F016,ABC,barrier,"The final allocation was rebalanced between sectors by negotiation at the closing meeting rather than against evidence, reducing the sector envelope by around a third to level it against others.",,national,SSD,ocha;cluster,pooled-funds;funding;performance,transcript,S114,2026-07-29,high,public,draft,Extracted from South Sudan country consultation.
E0616,F1600,Transition,context,"Eight clusters were confirmed following the humanitarian reset, with WASH remaining standalone while shelter-related coordination was reorganised into three, and the intersectoral group continues to meet fortnightly.",,national,SSD,ocha;cluster,coordination-architecture;transition-handover,transcript,S114,2026-07-29,high,public,draft,Extracted from South Sudan country consultation.
E0617,F1601,ABC;Transition,context,"The area-based structures here are organised around transition, durable solutions and peace rather than around operational service coordination, and have been in place since well before the approach was adopted globally.",,national,SSD,operational-cell;un-agency,coordination-architecture;transition-handover,transcript,S114,2026-07-29,high,public,draft,Extracted from South Sudan country consultation.
E0618,F225,Fundamentals,barrier,"The roving coordinator function that covered field monitoring across states is no longer operating, which leaves several of the core coordination functions without the field presence they depend on.",,subnational,SSD,cluster,capacity;performance;coordination-architecture,transcript,S114,2026-07-29,high,public,draft,Extracted from South Sudan country consultation.
E0619,F1603,ABC;Transition,recommendation,Assessment data is generally used only to produce needs figures and severity and then goes no further; an analysis output and dashboard would let the sector get more from assessments it already runs.,,national,SSD,cluster;ocha,hpc;information-management,transcript,S114,2026-07-29,high,public,draft,Extracted from South Sudan country consultation.
E0620,F1604,ABC;Transition,practice,"Only four of the twelve water insecurity questions could be accommodated in the joint tool, and the severity scale is being interpolated across that reduced set rather than dropped.",,national,SSD,cluster;ocha,hpc;information-management,transcript,S114,2026-07-29,high,public,draft,Extracted from South Sudan country consultation.
E0621,F1605,ABC,barrier,"The pooled fund allocation strategy changed repeatedly during a single round — the split between national and international partners, the number of envelopes and partner eligibility were all revised as the process ran.",,national,SSD,ocha;cluster;ingo,pooled-funds;funding;guidance,transcript,S114,2026-07-29,high,public,draft,Extracted from South Sudan country consultation.
E0622,F1606,ABC,barrier,"Global guidance on the allocation existed and had been circulated to countries, but was not shared onward in country, so clusters prepared without knowing the criteria that applied.",,national,SSD,ocha;cluster,pooled-funds;guidance;advocacy,transcript,S114,2026-07-29,high,public,draft,Extracted from South Sudan country consultation.
E0623,F1607,ABC,barrier,"One funding envelope for continuity of services covered nutrition, health, protection and food security in areas affected by cholera and hepatitis E, without including WASH.",,national,SSD,ocha;donor;cluster,pooled-funds;multisector;advocacy,transcript,S114,2026-07-29,high,public,draft,Extracted from South Sudan country consultation.
E0624,F1608,ABC,barrier,"Gap analysis for allocations had to rest on response plan figures that are already several months old, with no mechanism producing fresher data to argue from.",,national,SSD,cluster;ocha,pooled-funds;hpc;information-management,transcript,S114,2026-07-29,high,public,draft,Extracted from South Sudan country consultation.
E0625,F1609,ABC,barrier,Proposal review timelines are short — at times several proposals to assess within a day — which limits how thoroughly each can be checked against sector standards.,,national,SSD,ocha;cluster,pooled-funds;performance,transcript,S114,2026-07-29,high,public,draft,Extracted from South Sudan country consultation.
E0626,F1610,ABC,practice,"A shared scoring sheet with proposals as columns and criteria as rows, divided among reviewers with deliberate overlap so every proposal is read by at least two people, makes a large review round manageable and leaves a written record.",,global,,cluster;ingo,pooled-funds;performance;partnerships,transcript,S114,2026-07-29,high,public,draft,Extracted from South Sudan country consultation.
E0627,F1611,ABC;Transition,practice,"A revision of the sector operational framework was agreed at the advisory group, to be taken forward with a small group of NGO partners meeting fortnightly.",,national,SSD,cluster;ingo,guidance;partnerships;coordination-architecture,transcript,S114,2026-07-29,high,public,draft,Extracted from South Sudan country consultation.
E0628,F1612,ABC;Transition,recommendation,"Partners need a sector document setting out what is expected of WASH in preparing for and responding to a specific outbreak, adapted from existing global material rather than built from scratch or duplicating an existing working group.",,national,SSD,cluster;ingo,guidance;capacity;peer-learning,transcript,S114,2026-07-29,high,public,draft,Extracted from South Sudan country consultation.
E0629,F225,Fundamentals,barrier,"Work on activity-based unit costing was started but stalled for want of people to carry it, leaving the sector without current cost figures for planning.",,national,SSD,cluster,hpc;capacity;funding,transcript,S114,2026-07-29,high,public,draft,Extracted from South Sudan country consultation.
E0630,F1700,Transition,barrier,"Where a sudden escalation triggers a flash appeal, the lead agency has reclaimed coordination ownership, sidelining the successor actors that had been built up during the calmer period — at exactly the moment they would learn most by doing.",,national,KEN,un-agency;local-ngo,transition-handover;capacity;localisation,workshop,S083,2026-06-09,high,public,draft,"Extracted directly from the NCP workshop briefing note. Same source as existing workshop records — grouped, so counts once."
E0631,F1700,Transition,enabler,"Where the lead agency programme and the cluster worked closely through cyclical events, the arrangement held; the missing element was a coordination protocol agreed in advance rather than negotiated during the emergency.",,national,PAK;MWI,un-agency;cluster,transition-handover;capacity;guidance,workshop,S083,2026-06-09,high,public,draft,"Extracted directly from the NCP workshop briefing note. Same source as existing workshop records — grouped, so counts once."
E0632,F119,Transition,recommendation,"A flash appeal should not suspend a transition plan. Commit at senior level, through preparedness plans and emergency procedures, that the actors being capacitated stay in the room when an emergency hits — the emergency is the best available learning environment for a successor structure.",,global,,un-agency;local-ngo;cluster,transition-handover;capacity;guidance,workshop,S083,2026-06-09,high,public,draft,"Extracted directly from the NCP workshop briefing note. Same source as existing workshop records — grouped, so counts once."
E0633,F1702,Transition,barrier,"Where a cluster deactivates but the lead agency continues running humanitarian-funded programming, it is unresolved who leads sectoral coordination: programme staff may argue the role is theirs, and the structure can dissolve on paper while the response keeps running with nobody formally accountable.",,global,,un-agency;cluster,transition-handover;coordination-architecture;guidance,workshop,S083,2026-06-09,high,public,draft,"Extracted directly from the NCP workshop briefing note. Same source as existing workshop records — grouped, so counts once."
E0634,F1703,Transition,context,"Participants put the question directly: what was actually transitioned? Where a national organisation replaces an international one doing the same work, the coordination architecture has changed but the sustainability question has not been answered.",,global,,local-ngo;ingo;cluster,transition-handover;localisation,workshop,S083,2026-06-09,high,public,draft,"Extracted directly from the NCP workshop briefing note. Same source as existing workshop records — grouped, so counts once."
E0635,F1704,Transition,barrier,"A national NGO may not exist the following year, which makes it a less durable transition endpoint than a public institution with independent funding, even where it is more locally rooted.",,global,,local-ngo;gov-national,transition-handover;localisation;funding,workshop,S083,2026-06-09,high,public,draft,"Extracted directly from the NCP workshop briefing note. Same source as existing workshop records — grouped, so counts once."
E0636,F373,Transition,enabler,"A national society was judged a viable transition endpoint because it holds durable funding and a formal place in the civil protection mechanism — institutional permanence rather than local identity was the deciding factor. When funding fell away, it was still there.",,national,UKR,gov-national;local-ngo,transition-handover;localisation;government-engagement,workshop,S083,2026-06-09,high,public,draft,"Extracted directly from the NCP workshop briefing note. Same source as existing workshop records — grouped, so counts once."
E0637,F361,Transition,barrier,"More than twenty years of sector investment in one country has still not removed the need for a cluster, which participants read as evidence that investment without governance reform does not create absorptive capacity.",,national,SDN,gov-national;un-agency,transition-handover;government-engagement;capacity,workshop,S083,2026-06-09,high,public,draft,"Extracted directly from the NCP workshop briefing note. Same source as existing workshop records — grouped, so counts once."
E0638,F1706,Transition,enabler,"Where water, sanitation and hygiene sit under a single government framework with one annual work plan, one budget and pooled funding, the sector has an institutional home and the handover has something coherent to transfer to.",,national,ETH,gov-national,government-engagement;transition-handover;sustainability,workshop,S083,2026-06-09,high,public,draft,"Extracted directly from the NCP workshop briefing note. Same source as existing workshop records — grouped, so counts once."
E0639,F1707,Transition,enabler,"A strong institutional mandate reduces dependence on individual post-holders: where the coordination function sat with a person rather than being written into an institutional remit, a reshuffle removed it entirely.",,global,,gov-national;cluster,government-engagement;staff-turnover;transition-handover,workshop,S083,2026-06-09,high,public,draft,"Extracted directly from the NCP workshop briefing note. Same source as existing workshop records — grouped, so counts once."
E0640,F387,Transition,enabler,"Where the lead agency sector chief and representative engaged on transition before funding forced it — commissioning sector assessments, embedding capacity, opening the conversation early — participants identified that as the working model rather than the exception.",,national,SDN,un-agency;cluster,transition-handover;government-engagement;capacity,workshop,S083,2026-06-09,high,public,draft,"Extracted directly from the NCP workshop briefing note. Same source as existing workshop records — grouped, so counts once."
E0641,F1709,Transition,context,"A development-funded secondment that achieved a successful handover happened because an individual pushed it through the country office, not because the mechanism was available by default — the enabler depends on someone driving it.",,national,IRQ,un-agency;development,transition-handover;funding;nexus,workshop,S083,2026-06-09,high,public,draft,"Extracted directly from the NCP workshop briefing note. Same source as existing workshop records — grouped, so counts once."
E0642,F335,Transition,context,"Participants ranked funding-driven transition low among barriers — not because it matters less, but because the decision is made outside the country and the practical entry point is to address its downstream effects.",,global,,cluster;donor,transition-handover;funding;advocacy,workshop,S083,2026-06-09,high,public,draft,"Extracted directly from the NCP workshop briefing note. Same source as existing workshop records — grouped, so counts once."
E0643,F1700,Transition,barrier,Cyclical emergencies are an underestimated disruptor of transition: a plan can be overtaken by the next seasonal crisis before it has taken hold.,,global,,cluster;un-agency,transition-handover;capacity,workshop,S083,2026-06-09,high,public,draft,"Extracted directly from the NCP workshop briefing note. Same source as existing workshop records — grouped, so counts once."
E0644,F1711,Transition,context,"Participants ranked information management deterioration as the most immediately felt transition barrier, ahead of funding, and identified lead agency investment before transition is forced as the strongest enabler by a wide margin.",,global,,cluster;un-agency,transition-handover;information-management;funding,workshop,S083,2026-06-09,high,public,draft,"Extracted directly from the NCP workshop briefing note. Same source as existing workshop records — grouped, so counts once."
E0645,F320,Transition,enabler,"Two tracks, not one: some information assets should be aligned with or moved to government systems early, while others must be retained by the sector for its own operational and preparedness capacity. Confusing the two produces a handover that serves neither.",,global,,cluster;gov-national,information-management;transition-handover,workshop,S083,2026-06-09,high,public,draft,"Extracted directly from the NCP workshop briefing note. Same source as existing workshop records — grouped, so counts once."
E0646,F1712,ABC,enabler,Community-level structures linked coordination directly to service delivery and improved alignment across sectors.,,subnational,AFG,community;local-ngo,coordination-architecture;localisation;multisector,workshop,S045,2026-06-09,high,public,draft,"Extracted directly from the NCP workshop briefing note. Same source as existing workshop records — grouped, so counts once."
E0647,F227,ABC,barrier,"Localisation does not by itself resolve power dynamics inside a platform: local actors bring their own hierarchies, and proximity to affected populations does not guarantee neutral or needs-driven representation.",,global,,local-ngo;operational-cell,coordination-architecture;localisation,workshop,S045,2026-06-09,high,public,draft,"Extracted directly from the NCP workshop briefing note. Same source as existing workshop records — grouped, so counts once."
E0648,F1713,ABC,context,Participants ranked improved data sharing as the strongest enabler of area-based coordination and coordination and governance fragmentation as the strongest barrier.,,global,,cluster;operational-cell,coordination-architecture;information-management,workshop,S045,2026-06-09,high,public,draft,"Extracted directly from the NCP workshop briefing note. Same source as existing workshop records — grouped, so counts once."
